iso_code,date,new_cases,total_cases,new_deaths
USA,2020-01-22,0.0,1.0,0.0
USA,2020-01-23,0.0,1.0,0.0
USA,2020-01-24,1.0,2.0,0.0
USA,2020-01-25,0.0,2.0,0.0
USA,2020-01-26,3.0,5.0,0.0
USA,2020-01-27,0.0,5.0,0.0
USA,2020-01-28,0.0,5.0,0.0
USA,2020-01-29,1.0,6.0,0.0
USA,2020-01-30,0.0,6.0,0.0
USA,2020-01-31,2.0,8.0,0.0
USA,2020-02-01,0.0,8.0,0.0
USA,2020-02-02,0.0,8.0,0.0
USA,2020-02-03,3.0,11.0,0.0
USA,2020-02-04,0.0,11.0,0.0
USA,2020-02-05,0.0,11.0,0.0
USA,2020-02-06,1.0,12.0,0.0
USA,2020-02-07,0.0,12.0,0.0
USA,2020-02-08,0.0,12.0,0.0
USA,2020-02-09,0.0,12.0,0.0
USA,2020-02-10,0.0,12.0,0.0
USA,2020-02-11,1.0,13.0,0.0
USA,2020-02-12,0.0,13.0,0.0
USA,2020-02-13,1.0,14.0,0.0
USA,2020-02-14,0.0,14.0,0.0
USA,2020-02-15,0.0,14.0,0.0
USA,2020-02-16,0.0,14.0,0.0
USA,2020-02-17,0.0,14.0,0.0
USA,2020-02-18,0.0,14.0,0.0
USA,2020-02-19,0.0,14.0,0.0
USA,2020-02-20,0.0,14.0,0.0
USA,2020-02-21,2.0,16.0,0.0
USA,2020-02-22,0.0,16.0,0.0
USA,2020-02-23,0.0,16.0,0.0
USA,2020-02-24,0.0,16.0,0.0
USA,2020-02-25,0.0,16.0,0.0
USA,2020-02-26,0.0,16.0,0.0
USA,2020-02-27,1.0,17.0,0.0
USA,2020-02-28,0.0,17.0,0.0
USA,2020-02-29,8.0,25.0,1.0
USA,2020-03-01,7.0,32.0,0.0
USA,2020-03-02,23.0,55.0,5.0
USA,2020-03-03,19.0,74.0,1.0
USA,2020-03-04,33.0,107.0,4.0
USA,2020-03-05,77.0,184.0,1.0
USA,2020-03-06,53.0,237.0,2.0
USA,2020-03-07,166.0,403.0,3.0
USA,2020-03-08,116.0,519.0,4.0
USA,2020-03-09,75.0,594.0,1.0
USA,2020-03-10,188.0,782.0,6.0
USA,2020-03-11,365.0,1147.0,5.0
USA,2020-03-12,439.0,1586.0,10.0
USA,2020-03-13,633.0,2219.0,8.0
USA,2020-03-14,759.0,2978.0,7.0
USA,2020-03-15,234.0,3212.0,12.0
USA,2020-03-16,1467.0,4679.0,27.0
USA,2020-03-17,1833.0,6512.0,37.0
USA,2020-03-18,2657.0,9169.0,60.0
USA,2020-03-19,4494.0,13663.0,72.0
USA,2020-03-20,6367.0,20030.0,106.0
USA,2020-03-21,5995.0,26025.0,103.0
USA,2020-03-22,8919.0,34944.0,128.0
USA,2020-03-23,11152.0,46096.0,187.0
USA,2020-03-24,10618.0,56714.0,243.0
USA,2020-03-25,12127.0,68841.0,333.0
USA,2020-03-26,17821.0,86662.0,417.0
USA,2020-03-27,18591.0,105253.0,522.0
USA,2020-03-28,22164.0,127417.0,713.0
USA,2020-03-29,16127.0,143544.0,555.0
USA,2020-03-30,22154.0,165698.0,707.0
USA,2020-03-31,26381.0,192079.0,1079.0
USA,2020-04-01,35814.0,227893.0,1637.0
USA,2020-04-02,32276.0,260169.0,1549.0
USA,2020-04-03,32440.0,292609.0,1428.0
USA,2020-04-04,31719.0,324328.0,1620.0
USA,2020-04-05,28775.0,353103.0,1623.0
USA,2020-04-06,31991.0,385094.0,1763.0
USA,2020-04-07,30150.0,415244.0,2606.0
USA,2020-04-08,31244.0,446488.0,2152.0
USA,2020-04-09,36022.0,482510.0,2256.0
USA,2020-04-10,34189.0,516699.0,2214.0
USA,2020-04-11,28979.0,545678.0,2104.0
USA,2020-04-12,25858.0,571536.0,1883.0
USA,2020-04-13,27244.0,598780.0,2001.0
USA,2020-04-14,28497.0,627277.0,2481.0
USA,2020-04-15,26375.0,653652.0,2624.0
USA,2020-04-16,29673.0,683325.0,2187.0
USA,2020-04-17,33148.0,716473.0,2104.0
USA,2020-04-18,27325.0,743798.0,1943.0
USA,2020-04-19,25035.0,768833.0,1967.0
USA,2020-04-20,30653.0,799486.0,2286.0
USA,2020-04-21,25941.0,825427.0,2452.0
USA,2020-04-22,29946.0,855373.0,2465.0
USA,2020-04-23,32050.0,887423.0,2428.0
USA,2020-04-24,31497.0,918920.0,2064.0
USA,2020-04-25,30591.0,949511.0,1739.0
USA,2020-04-26,25865.0,975376.0,1415.0
USA,2020-04-27,24738.0,1000114.0,1487.0
USA,2020-04-28,24527.0,1024641.0,2232.0
USA,2020-04-29,26799.0,1051440.0,2374.0
USA,2020-04-30,29559.0,1080999.0,2192.0
USA,2020-05-01,34846.0,1115845.0,1880.0
USA,2020-05-02,26609.0,1142454.0,1743.0
USA,2020-05-03,23579.0,1166033.0,1203.0
USA,2020-05-04,24020.0,1190053.0,1370.0
USA,2020-05-05,24052.0,1214105.0,2179.0
USA,2020-05-06,24390.0,1238495.0,2321.0
USA,2020-05-07,27625.0,1266120.0,1906.0
USA,2020-05-08,27137.0,1293257.0,1769.0
USA,2020-05-09,24145.0,1317402.0,1471.0
USA,2020-05-10,18693.0,1336095.0,1001.0
USA,2020-05-11,19258.0,1355353.0,1026.0
USA,2020-05-12,23484.0,1378837.0,1592.0
USA,2020-05-13,20068.0,1398905.0,1695.0
USA,2020-05-14,25878.0,1424783.0,1769.0
USA,2020-05-15,24827.0,1449610.0,1628.0
USA,2020-05-16,23885.0,1473495.0,1169.0
USA,2020-05-17,18627.0,1492122.0,815.0
USA,2020-05-18,22391.0,1514513.0,1222.0
USA,2020-05-19,20549.0,1535062.0,1428.0
USA,2020-05-20,22838.0,1557900.0,1470.0
USA,2020-05-21,25093.0,1582993.0,1182.0
USA,2020-05-22,23831.0,1606824.0,1204.0
USA,2020-05-23,19885.0,1626709.0,1078.0
USA,2020-05-24,20112.0,1646821.0,639.0
USA,2020-05-25,19174.0,1665995.0,600.0
USA,2020-05-26,18692.0,1684687.0,653.0
USA,2020-05-27,18801.0,1703488.0,1452.0
USA,2020-05-28,21129.0,1724617.0,1066.0
USA,2020-05-29,24777.0,1749394.0,1109.0
USA,2020-05-30,22714.0,1772108.0,948.0
USA,2020-05-31,18763.0,1790871.0,623.0
USA,2020-06-01,17853.0,1808724.0,767.0
USA,2020-06-02,20060.0,1828784.0,971.0
USA,2020-06-03,19085.0,1847869.0,1000.0
USA,2020-06-04,27807.0,1875676.0,998.0
USA,2020-06-05,26338.0,1902014.0,870.0
USA,2020-06-06,20154.0,1922168.0,638.0
USA,2020-06-07,17808.0,1939976.0,460.0
USA,2020-06-08,16917.0,1956893.0,502.0
USA,2020-06-09,20337.0,1977230.0,909.0
USA,2020-06-10,21776.0,1999006.0,858.0
USA,2020-06-11,22309.0,2021315.0,811.0
USA,2020-06-12,25554.0,2046869.0,823.0
USA,2020-06-13,24129.0,2070998.0,706.0
USA,2020-06-14,18951.0,2089949.0,348.0
USA,2020-06-15,21105.0,2111054.0,398.0
USA,2020-06-16,24639.0,2135693.0,776.0
USA,2020-06-17,27082.0,2162775.0,741.0
USA,2020-06-18,28240.0,2191015.0,697.0
USA,2020-06-19,30986.0,2222001.0,631.0
USA,2020-06-20,31862.0,2253863.0,563.0
USA,2020-06-21,25858.0,2279721.0,319.0
USA,2020-06-22,29992.0,2309713.0,379.0
USA,2020-06-23,38886.0,2348599.0,730.0
USA,2020-06-24,36309.0,2384908.0,755.0
USA,2020-06-25,39352.0,2424260.0,551.0
USA,2020-06-26,49071.0,2473331.0,629.0
USA,2020-06-27,40818.0,2514149.0,499.0
USA,2020-06-28,42913.0,2557062.0,323.0
USA,2020-06-29,41549.0,2598611.0,371.0
USA,2020-06-30,50039.0,2648650.0,549.0
USA,2020-07-01,49332.0,2697982.0,702.0
USA,2020-07-02,55075.0,2753057.0,742.0
USA,2020-07-03,51645.0,2804702.0,679.0
USA,2020-07-04,46015.0,2850717.0,307.0
USA,2020-07-05,53945.0,2904662.0,323.0
USA,2020-07-06,43638.0,2948300.0,385.0
USA,2020-07-07,57422.0,3005722.0,1144.0
USA,2020-07-08,60485.0,3066207.0,842.0
USA,2020-07-09,59806.0,3126013.0,1036.0
USA,2020-07-10,68741.0,3194754.0,805.0
USA,2020-07-11,60420.0,3255174.0,753.0
USA,2020-07-12,60216.0,3315390.0,477.0
USA,2020-07-13,59625.0,3375015.0,443.0
USA,2020-07-14,65736.0,3440751.0,895.0
USA,2020-07-15,66289.0,3507040.0,961.0
USA,2020-07-16,70759.0,3577799.0,971.0
USA,2020-07-17,66440.0,3644239.0,923.0
USA,2020-07-18,64307.0,3708546.0,890.0
USA,2020-07-19,58988.0,3767534.0,483.0
USA,2020-07-20,60881.0,3828415.0,531.0
USA,2020-07-21,68285.0,3896700.0,1096.0
USA,2020-07-22,67447.0,3964147.0,1224.0
USA,2020-07-23,67777.0,4031924.0,1076.0
USA,2020-07-24,74944.0,4106868.0,1090.0
USA,2020-07-25,63745.0,4170613.0,968.0
USA,2020-07-26,55622.0,4226235.0,539.0
USA,2020-07-27,60001.0,4286236.0,1111.0
USA,2020-07-28,64553.0,4350789.0,1212.0
USA,2020-07-29,64058.0,4414847.0,1434.0
USA,2020-07-30,69187.0,4484034.0,1296.0
USA,2020-07-31,64367.0,4548401.0,1168.0
USA,2020-08-01,57401.0,4605802.0,1116.0
USA,2020-08-02,46881.0,4652683.0,465.0
USA,2020-08-03,41912.0,4694595.0,565.0
USA,2020-08-04,61631.0,4756226.0,1251.0
USA,2020-08-05,54136.0,4810362.0,1422.0
USA,2020-08-06,60052.0,4870414.0,1188.0
USA,2020-08-07,60440.0,4930854.0,1292.0
USA,2020-08-08,63770.0,4994624.0,1089.0
USA,2020-08-09,54161.0,5048785.0,577.0
USA,2020-08-10,51647.0,5100432.0,525.0
USA,2020-08-11,56872.0,5157304.0,1077.0
USA,2020-08-12,55228.0,5212532.0,1509.0
USA,2020-08-13,51454.0,5263986.0,1034.0
USA,2020-08-14,70085.0,5334071.0,1304.0
USA,2020-08-15,52317.0,5386388.0,1038.0
USA,2020-08-16,34573.0,5420961.0,615.0
USA,2020-08-17,38000.0,5458961.0,478.0
USA,2020-08-18,44990.0,5503951.0,1227.0
USA,2020-08-19,45909.0,5549860.0,685.0
USA,2020-08-20,45127.0,5594987.0,1100.0
USA,2020-08-21,47908.0,5642895.0,1095.0
USA,2020-08-22,45268.0,5688163.0,955.0
USA,2020-08-23,31894.0,5720057.0,506.0
USA,2020-08-24,34091.0,5754148.0,433.0
USA,2020-08-25,42554.0,5796702.0,1223.0
USA,2020-08-26,42185.0,5838887.0,1158.0
USA,2020-08-27,50429.0,5889316.0,1107.0
USA,2020-08-28,46313.0,5935629.0,922.0
USA,2020-08-29,43048.0,5978677.0,962.0
USA,2020-08-30,34159.0,6012836.0,440.0
USA,2020-08-31,33529.0,6046365.0,482.0
USA,2020-09-01,41966.0,6088331.0,1067.0
USA,2020-09-02,40106.0,6128437.0,1054.0
USA,2020-09-03,45195.0,6173632.0,1022.0
USA,2020-09-04,48653.0,6222285.0,951.0
USA,2020-09-05,43209.0,6265494.0,793.0
USA,2020-09-06,29068.0,6294562.0,436.0
USA,2020-09-07,24702.0,6319264.0,323.0
USA,2020-09-08,27095.0,6346359.0,473.0
USA,2020-09-09,33834.0,6380193.0,1100.0
USA,2020-09-10,39629.0,6419822.0,909.0
USA,2020-09-11,44820.0,6464642.0,1142.0
USA,2020-09-12,45579.0,6510221.0,737.0
USA,2020-09-13,40297.0,6550518.0,394.0
USA,2020-09-14,32916.0,6583434.0,421.0
USA,2020-09-15,37418.0,6620852.0,1191.0
USA,2020-09-16,38353.0,6659205.0,933.0
USA,2020-09-17,45439.0,6704644.0,850.0
USA,2020-09-18,50208.0,6754852.0,958.0
USA,2020-09-19,45618.0,6800470.0,666.0
USA,2020-09-20,41583.0,6842053.0,265.0
USA,2020-09-21,32283.0,6874336.0,412.0
USA,2020-09-22,38288.0,6912624.0,1021.0
USA,2020-09-23,41218.0,6953842.0,1051.0
USA,2020-09-24,48945.0,7002787.0,888.0
USA,2020-09-25,47017.0,7049804.0,914.0
USA,2020-09-26,43444.0,7093248.0,762.0
USA,2020-09-27,33690.0,7126938.0,304.0
USA,2020-09-28,38077.0,7165015.0,340.0
USA,2020-09-29,42265.0,7207280.0,894.0
USA,2020-09-30,38898.0,7246178.0,905.0
USA,2020-10-01,46355.0,7292533.0,896.0
USA,2020-10-02,53522.0,7346055.0,837.0
USA,2020-10-03,49314.0,7395369.0,672.0
USA,2020-10-04,33334.0,7428703.0,369.0
USA,2020-10-05,37974.0,7466677.0,475.0
USA,2020-10-06,44955.0,7511632.0,688.0
USA,2020-10-07,49519.0,7561151.0,906.0
USA,2020-10-08,58188.0,7619339.0,973.0
USA,2020-10-09,55316.0,7674655.0,962.0
USA,2020-10-10,55175.0,7729830.0,647.0
USA,2020-10-11,46821.0,7776651.0,463.0
USA,2020-10-12,42974.0,7819625.0,395.0
USA,2020-10-13,50591.0,7870216.0,740.0
USA,2020-10-14,59085.0,7929301.0,989.0
USA,2020-10-15,63802.0,7993103.0,840.0
USA,2020-10-16,70272.0,8063375.0,933.0
USA,2020-10-17,54753.0,8118128.0,789.0
USA,2020-10-18,52234.0,8170362.0,482.0
USA,2020-10-19,68755.0,8239117.0,511.0
USA,2020-10-20,62491.0,8301608.0,952.0
USA,2020-10-21,61304.0,8362912.0,1168.0
USA,2020-10-22,80165.0,8443077.0,861.0
USA,2020-10-23,82061.0,8525138.0,956.0
USA,2020-10-24,77981.0,8603119.0,972.0
USA,2020-10-25,60330.0,8663449.0,452.0
USA,2020-10-26,64542.0,8727991.0,557.0
USA,2020-10-27,78922.0,8806913.0,1022.0
USA,2020-10-28,88289.0,8895202.0,1042.0
USA,2020-10-29,92687.0,8987889.0,995.0
USA,2020-10-30,100480.0,9088369.0,1071.0
USA,2020-10-31,86694.0,9175063.0,939.0
USA,2020-11-01,78060.0,9253123.0,509.0
USA,2020-11-02,84002.0,9337125.0,598.0
USA,2020-11-03,126806.0,9463931.0,1625.0
USA,2020-11-04,102082.0,9566013.0,1118.0
USA,2020-11-05,129984.0,9695997.0,1191.0
USA,2020-11-06,128994.0,9824991.0,1219.0
USA,2020-11-07,127074.0,9952065.0,1126.0
USA,2020-11-08,119357.0,10071422.0,575.0
USA,2020-11-09,119592.0,10191014.0,803.0
USA,2020-11-10,139255.0,10330269.0,1440.0
USA,2020-11-11,149537.0,10479806.0,1462.0
USA,2020-11-12,159585.0,10639391.0,1242.0
USA,2020-11-13,178802.0,10818193.0,1228.0
USA,2020-11-14,162624.0,10980817.0,1369.0
USA,2020-11-15,138453.0,11119270.0,790.0
USA,2020-11-16,155962.0,11275232.0,877.0
USA,2020-11-17,167127.0,11442359.0,1746.0
USA,2020-11-18,173364.0,11615723.0,1939.0
USA,2020-11-19,191843.0,11807566.0,2014.0
USA,2020-11-20,201213.0,12008779.0,1976.0
USA,2020-11-21,177375.0,12186154.0,1631.0
USA,2020-11-22,145180.0,12331334.0,1076.0
USA,2020-11-23,184603.0,12515937.0,1140.0
USA,2020-11-24,174815.0,12690752.0,2187.0
USA,2020-11-25,181280.0,12872032.0,2258.0
USA,2020-11-26,112683.0,12984715.0,1393.0
USA,2020-11-27,215241.0,13199956.0,1620.0
USA,2020-11-28,167287.0,13367243.0,1409.0
USA,2020-11-29,139606.0,13506849.0,1048.0
USA,2020-11-30,158709.0,13665558.0,1378.0
USA,2020-12-01,198697.0,13864255.0,2561.0
USA,2020-12-02,197060.0,14061315.0,2777.0
USA,2020-12-03,219419.0,14280734.0,2908.0
USA,2020-12-04,235246.0,14515980.0,2666.0
USA,2020-12-05,219715.0,14735695.0,2393.0
USA,2020-12-06,178089.0,14913784.0,1420.0
USA,2020-12-07,196534.0,15110318.0,1642.0
USA,2020-12-08,227344.0,15337662.0,2600.0
USA,2020-12-09,215770.0,15553432.0,2947.0
USA,2020-12-10,235723.0,15789155.0,2915.0
USA,2020-12-11,236942.0,16026097.0,3335.0
USA,2020-12-12,222582.0,16248679.0,2505.0
USA,2020-12-13,190625.0,16439304.0,1596.0
USA,2020-12-14,210471.0,16649775.0,1696.0
USA,2020-12-15,227191.0,16876966.0,2901.0
USA,2020-12-16,234234.0,17111200.0,3683.0
USA,2020-12-17,239164.0,17350364.0,3418.0
USA,2020-12-18,246520.0,17596884.0,2929.0
USA,2020-12-19,204862.0,17801746.0,2736.0
USA,2020-12-20,186166.0,17987912.0,1699.0
USA,2020-12-21,197617.0,18185529.0,1827.0
USA,2020-12-22,205745.0,18391274.0,3331.0
USA,2020-12-23,220832.0,18612106.0,3311.0
USA,2020-12-24,211535.0,18823641.0,2858.0
USA,2020-12-25,125515.0,18949156.0,1498.0
USA,2020-12-26,217960.0,19167116.0,1912.0
USA,2020-12-27,136145.0,19303261.0,1431.0
USA,2020-12-28,174783.0,19478044.0,1899.0
USA,2020-12-29,206655.0,19684699.0,3574.0
USA,2020-12-30,218774.0,19903473.0,3856.0
USA,2020-12-31,313780.0,20217253.0,3250.0
USA,2021-01-01,177570.0,20394823.0,2205.0
USA,2021-01-02,272451.0,20667274.0,2521.0
USA,2021-01-03,203164.0,20870438.0,1426.0
USA,2021-01-04,186938.0,21057376.0,2016.0
USA,2021-01-05,232076.0,21289452.0,3572.0
USA,2021-01-06,259876.0,21549328.0,3874.0
USA,2021-01-07,285014.0,21834342.0,3999.0
USA,2021-01-08,302979.0,22137321.0,4153.0
USA,2021-01-09,263345.0,22400666.0,3202.0
USA,2021-01-10,209919.0,22610585.0,2089.0
USA,2021-01-11,204673.0,22815258.0,1857.0
USA,2021-01-12,222264.0,23037522.0,4373.0
USA,2021-01-13,228717.0,23266239.0,3987.0
USA,2021-01-14,234950.0,23501189.0,3775.0
USA,2021-01-15,244383.0,23745572.0,3816.0
USA,2021-01-16,216911.0,23962483.0,3551.0
USA,2021-01-17,176136.0,24138619.0,1982.0
USA,2021-01-18,141272.0,24279891.0,1581.0
USA,2021-01-19,156991.0,24436882.0,2403.0
USA,2021-01-20,187678.0,24624560.0,4389.0
USA,2021-01-21,192068.0,24816628.0,4103.0
USA,2021-01-22,191450.0,25008078.0,3777.0
USA,2021-01-23,177245.0,25185323.0,3523.0
USA,2021-01-24,139780.0,25325103.0,1826.0
USA,2021-01-25,130029.0,25455132.0,1782.0
USA,2021-01-26,151277.0,25606409.0,3979.0
USA,2021-01-27,155204.0,25761613.0,4064.0
USA,2021-01-28,166709.0,25928322.0,3807.0
USA,2021-01-29,163312.0,26091634.0,3563.0
USA,2021-01-30,150368.0,26242002.0,2857.0
USA,2021-01-31,112553.0,26354555.0,1931.0
USA,2021-02-01,125895.0,26480450.0,1781.0
USA,2021-02-02,117470.0,26597920.0,3536.0
USA,2021-02-03,124432.0,26722352.0,3864.0
USA,2021-02-04,124653.0,26847005.0,3883.0
USA,2021-02-05,130426.0,26977431.0,3661.0
USA,2021-02-06,116241.0,27093672.0,2727.0
USA,2021-02-07,89165.0,27182837.0,1462.0
USA,2021-02-08,83203.0,27266040.0,1450.0
USA,2021-02-09,95702.0,27361742.0,3032.0
USA,2021-02-10,95704.0,27457446.0,3361.0
USA,2021-02-11,106168.0,27563614.0,3159.0
USA,2021-02-12,99571.0,27663185.0,2838.0
USA,2021-02-13,90328.0,27753513.0,2251.0
USA,2021-02-14,68190.0,27821703.0,1151.0
USA,2021-02-15,56166.0,27877869.0,947.0
USA,2021-02-16,59822.0,27937691.0,1644.0
USA,2021-02-17,68991.0,28006682.0,2407.0
USA,2021-02-18,72248.0,28078930.0,2558.0
USA,2021-02-19,74872.0,28153802.0,2516.0
USA,2021-02-20,73537.0,28227339.0,1915.0
USA,2021-02-21,55247.0,28282586.0,1210.0
USA,2021-02-22,56074.0,28338660.0,1210.0
USA,2021-02-23,73821.0,28412481.0,2258.0
USA,2021-02-24,75015.0,28487496.0,3216.0
USA,2021-02-25,77078.0,28564574.0,2413.0
USA,2021-02-26,74942.0,28639516.0,2131.0
USA,2021-02-27,70809.0,28710325.0,1513.0
USA,2021-02-28,51653.0,28761978.0,1086.0
USA,2021-03-01,50155.0,28812133.0,1317.0
USA,2021-03-02,58667.0,28870800.0,1913.0
USA,2021-03-03,67082.0,28937882.0,2522.0
USA,2021-03-04,68480.0,29006362.0,1924.0
USA,2021-03-05,67203.0,29073565.0,1714.0
USA,2021-03-06,60747.0,29134312.0,1519.0
USA,2021-03-07,41540.0,29175852.0,702.0
USA,2021-03-08,44799.0,29220651.0,719.0
USA,2021-03-09,55825.0,29276476.0,1761.0
USA,2021-03-10,57718.0,29334194.0,1536.0
USA,2021-03-11,61760.0,29395954.0,1542.0
USA,2021-03-12,62283.0,29458237.0,1423.0
USA,2021-03-13,56266.0,29514503.0,967.0
USA,2021-03-14,38563.0,29553066.0,515.0
USA,2021-03-15,51564.0,29604630.0,706.0
USA,2021-03-16,55075.0,29659705.0,1251.0
USA,2021-03-17,59882.0,29719587.0,1194.0
USA,2021-03-18,62206.0,29781793.0,1631.0
USA,2021-03-19,60912.0,29842705.0,1023.0
USA,2021-03-20,58250.0,29900955.0,770.0
USA,2021-03-21,35407.0,29936362.0,707.0
USA,2021-03-22,48435.0,29984797.0,554.0
USA,2021-03-23,52761.0,30037558.0,944.0
USA,2021-03-24,87835.0,30125393.0,1462.0
USA,2021-03-25,67388.0,30192781.0,1345.0
USA,2021-03-26,76139.0,30268920.0,1156.0
USA,2021-03-27,63784.0,30332704.0,805.0
USA,2021-03-28,46372.0,30379076.0,442.0
USA,2021-03-29,66673.0,30445749.0,636.0
USA,2021-03-30,62223.0,30507972.0,891.0
USA,2021-03-31,69410.0,30577382.0,1071.0
USA,2021-04-01,76850.0,30654232.0,1100.0
USA,2021-04-02,73882.0,30728114.0,892.0
USA,2021-04-03,64496.0,30792610.0,756.0
USA,2021-04-04,37867.0,30830477.0,313.0
USA,2021-04-05,68251.0,30898728.0,466.0
USA,2021-04-06,63389.0,30962117.0,832.0
USA,2021-04-07,75757.0,31037874.0,2602.0
USA,2021-04-08,79843.0,31117717.0,1012.0
USA,2021-04-09,84418.0,31202135.0,903.0
USA,2021-04-10,70345.0,31272480.0,760.0
USA,2021-04-11,47325.0,31319805.0,292.0
USA,2021-04-12,63229.0,31383034.0,453.0
USA,2021-04-13,80691.0,31463725.0,864.0
USA,2021-04-14,74982.0,31538707.0,937.0
USA,2021-04-15,74219.0,31612926.0,907.0
USA,2021-04-16,82769.0,31695695.0,870.0
USA,2021-04-17,55355.0,31751050.0,709.0
USA,2021-04-18,43820.0,31794870.0,350.0
USA,2021-04-19,59870.0,31854740.0,496.0
USA,2021-04-20,62305.0,31917045.0,837.0
USA,2021-04-21,64711.0,31981756.0,898.0
USA,2021-04-22,66184.0,32047940.0,941.0
USA,2021-04-23,62673.0,32110613.0,763.0
USA,2021-04-24,54287.0,32164900.0,750.0
USA,2021-04-25,34401.0,32199301.0,309.0
USA,2021-04-26,43309.0,32242610.0,481.0
USA,2021-04-27,52021.0,32294631.0,666.0
USA,2021-04-28,55867.0,32350498.0,984.0
USA,2021-04-29,57682.0,32408180.0,884.0
USA,2021-04-30,57736.0,32465916.0,804.0
USA,2021-05-01,48159.0,32514075.0,749.0
USA,2021-05-02,30594.0,32544669.0,323.0
USA,2021-05-03,45399.0,32590068.0,486.0
USA,2021-05-04,42718.0,32632786.0,875.0
USA,2021-05-05,45816.0,32678602.0,814.0
USA,2021-05-06,45930.0,32724532.0,796.0
USA,2021-05-07,48178.0,32772710.0,758.0
USA,2021-05-08,34955.0,32807665.0,639.0
USA,2021-05-09,22735.0,32830400.0,263.0
USA,2021-05-10,32813.0,32863213.0,402.0
USA,2021-05-11,35275.0,32898488.0,680.0
USA,2021-05-12,35975.0,32934463.0,766.0
USA,2021-05-13,37873.0,32972336.0,747.0
USA,2021-05-14,41601.0,33013937.0,631.0
USA,2021-05-15,30467.0,33044404.0,524.0
USA,2021-05-16,17632.0,33062036.0,269.0
USA,2021-05-17,25530.0,33087566.0,402.0
USA,2021-05-18,29008.0,33116574.0,781.0
USA,2021-05-19,29070.0,33145644.0,654.0
USA,2021-05-20,29993.0,33175637.0,684.0
USA,2021-05-21,28677.0,33204314.0,602.0
USA,2021-05-22,20905.0,33225219.0,488.0
USA,2021-05-23,13785.0,33239004.0,205.0
USA,2021-05-24,22170.0,33261174.0,441.0
USA,2021-05-25,23797.0,33284971.0,639.0
USA,2021-05-26,24372.0,33309343.0,985.0
USA,2021-05-27,26535.0,33335878.0,1350.0
USA,2021-05-28,21924.0,33357802.0,535.0
USA,2021-05-29,12978.0,33370780.0,328.0
USA,2021-05-30,7204.0,33377984.0,148.0
USA,2021-05-31,6349.0,33384333.0,181.0
USA,2021-06-01,21089.0,33405422.0,643.0
USA,2021-06-02,16586.0,33422008.0,560.0
USA,2021-06-03,17980.0,33439988.0,631.0
USA,2021-06-04,17537.0,33457525.0,517.0
USA,2021-06-05,15156.0,33472681.0,584.0
USA,2021-06-06,5896.0,33478577.0,169.0
USA,2021-06-07,14189.0,33492766.0,310.0
USA,2021-06-08,12794.0,33505560.0,308.0
USA,2021-06-09,18207.0,33523767.0,475.0
USA,2021-06-10,14515.0,33538282.0,403.0
USA,2021-06-11,24516.0,33562798.0,526.0
USA,2021-06-12,8821.0,33571619.0,268.0
USA,2021-06-13,5026.0,33576645.0,112.0
USA,2021-06-14,11904.0,33588549.0,189.0
USA,2021-06-15,10645.0,33599194.0,323.0
USA,2021-06-16,11753.0,33610947.0,383.0
USA,2021-06-17,11519.0,33622466.0,299.0
USA,2021-06-18,20984.0,33643450.0,600.0
USA,2021-06-19,8885.0,33652335.0,170.0
USA,2021-06-20,4925.0,33657260.0,79.0
USA,2021-06-21,10732.0,33667992.0,260.0
USA,2021-06-22,10768.0,33678760.0,344.0
USA,2021-06-23,12498.0,33691258.0,386.0
USA,2021-06-24,14193.0,33705451.0,341.0
USA,2021-06-25,24522.0,33729973.0,528.0
USA,2021-06-26,9059.0,33739032.0,161.0
USA,2021-06-27,4659.0,33743691.0,75.0
USA,2021-06-28,13770.0,33757461.0,159.0
USA,2021-06-29,7526.0,33764987.0,329.0
USA,2021-06-30,15285.0,33780272.0,300.0
USA,2021-07-01,14921.0,33795193.0,283.0
USA,2021-07-02,29618.0,33824811.0,434.0
USA,2021-07-03,5270.0,33830081.0,83.0
USA,2021-07-04,4265.0,33834346.0,40.0
USA,2021-07-05,9161.0,33843507.0,121.0
USA,2021-07-06,22573.0,33866080.0,306.0
USA,2021-07-07,20148.0,33886228.0,327.0
USA,2021-07-08,20878.0,33907106.0,250.0
USA,2021-07-09,46989.0,33954095.0,462.0
USA,2021-07-10,10017.0,33964112.0,78.0
USA,2021-07-11,11762.0,33975874.0,121.0
USA,2021-07-12,29661.0,34005535.0,235.0
USA,2021-07-13,26475.0,34032010.0,357.0
USA,2021-07-14,31148.0,34063158.0,327.0
USA,2021-07-15,31942.0,34095100.0,356.0
USA,2021-07-16,78032.0,34173132.0,453.0
USA,2021-07-17,14066.0,34187198.0,72.0
USA,2021-07-18,20370.0,34207568.0,95.0
USA,2021-07-19,49227.0,34256795.0,198.0
USA,2021-07-20,39888.0,34296683.0,290.0
USA,2021-07-21,47871.0,34344554.0,363.0
USA,2021-07-22,56436.0,34400990.0,288.0
USA,2021-07-23,120805.0,34521795.0,552.0
USA,2021-07-24,29349.0,34551144.0,136.0
USA,2021-07-25,28625.0,34579769.0,102.0
USA,2021-07-26,78555.0,34658324.0,250.0
USA,2021-07-27,65071.0,34723395.0,458.0
USA,2021-07-28,73582.0,34796977.0,383.0
USA,2021-07-29,72362.0,34869339.0,318.0
USA,2021-07-30,191181.0,35060520.0,885.0
USA,2021-07-31,44671.0,35105191.0,176.0
USA,2021-08-01,45377.0,35150568.0,233.0
USA,2021-08-02,107521.0,35258089.0,343.0
USA,2021-08-03,97970.0,35356059.0,586.0
USA,2021-08-04,102507.0,35458566.0,546.0
USA,2021-08-05,109590.0,35568156.0,526.0
USA,2021-08-06,251909.0,35820065.0,1133.0
USA,2021-08-07,63882.0,35883947.0,266.0
USA,2021-08-08,35686.0,35919633.0,135.0
USA,2021-08-09,158431.0,36078064.0,517.0
USA,2021-08-10,118192.0,36196256.0,832.0
USA,2021-08-11,154580.0,36350836.0,805.0
USA,2021-08-12,143811.0,36494647.0,1032.0
USA,2021-08-13,226845.0,36721492.0,1059.0
USA,2021-08-14,74175.0,36795667.0,270.0
USA,2021-08-15,47862.0,36843529.0,217.0
USA,2021-08-16,193358.0,37036887.0,1041.0
USA,2021-08-17,151112.0,37187999.0,1024.0
USA,2021-08-18,167352.0,37355351.0,1204.0
USA,2021-08-19,155278.0,37510629.0,1787.0
USA,2021-08-20,239134.0,37749763.0,1462.0
USA,2021-08-21,93504.0,37843267.0,577.0
USA,2021-08-22,45358.0,37888625.0,220.0
USA,2021-08-23,206185.0,38094810.0,1336.0
USA,2021-08-24,155195.0,38250005.0,1435.0
USA,2021-08-25,179208.0,38429213.0,1553.0
USA,2021-08-26,183762.0,38612975.0,2222.0
USA,2021-08-27,238358.0,38851333.0,1743.0
USA,2021-08-28,80135.0,38931468.0,652.0
USA,2021-08-29,53176.0,38984644.0,326.0
USA,2021-08-30,227931.0,39212575.0,1713.0
USA,2021-08-31,179969.0,39392544.0,1444.0
USA,2021-09-01,190608.0,39583152.0,2044.0
USA,2021-09-02,179069.0,39762221.0,3007.0
USA,2021-09-03,235250.0,39997471.0,1940.0
USA,2021-09-04,87299.0,40084770.0,653.0
USA,2021-09-05,64681.0,40149451.0,428.0
USA,2021-09-06,89989.0,40239440.0,608.0
USA,2021-09-07,210045.0,40449485.0,2096.0
USA,2021-09-08,177769.0,40627254.0,2319.0
USA,2021-09-09,166658.0,40793912.0,3228.0
USA,2021-09-10,241831.0,41035743.0,2461.0
USA,2021-09-11,90449.0,41126192.0,839.0
USA,2021-09-12,49570.0,41175762.0,380.0
USA,2021-09-13,207728.0,41383490.0,2157.0
USA,2021-09-14,145540.0,41529030.0,1928.0
USA,2021-09-15,173417.0,41702447.0,2739.0
USA,2021-09-16,158606.0,41861053.0,3493.0
USA,2021-09-17,210711.0,42071764.0,2454.0
USA,2021-09-18,76252.0,42148016.0,1010.0
USA,2021-09-19,46003.0,42194019.0,404.0
USA,2021-09-20,169417.0,42363436.0,2307.0
USA,2021-09-21,121820.0,42485256.0,2447.0
USA,2021-09-22,131731.0,42616987.0,2691.0
USA,2021-09-23,129034.0,42746021.0,3308.0
USA,2021-09-24,174645.0,42920666.0,2484.0
USA,2021-09-25,61850.0,42982516.0,857.0
USA,2021-09-26,55627.0,43038143.0,592.0
USA,2021-09-27,153935.0,43192078.0,2259.0
USA,2021-09-28,113143.0,43305221.0,2518.0
USA,2021-09-29,122000.0,43427221.0,2640.0
USA,2021-09-30,110088.0,43537309.0,2826.0
USA,2021-10-01,154908.0,43692217.0,2131.0
USA,2021-10-02,49755.0,43741972.0,850.0
USA,2021-10-03,46228.0,43788200.0,543.0
USA,2021-10-04,140597.0,43928797.0,1932.0
USA,2021-10-05,95479.0,44024276.0,1894.0
USA,2021-10-06,112854.0,44137130.0,2660.0
USA,2021-10-07,101032.0,44238162.0,2473.0
USA,2021-10-08,130630.0,44368792.0,1804.0
USA,2021-10-09,40315.0,44409107.0,452.0
USA,2021-10-10,40993.0,44450100.0,494.0
USA,2021-10-11,92865.0,44542965.0,1180.0
USA,2021-10-12,110944.0,44653909.0,2289.0
USA,2021-10-13,108412.0,44762321.0,3189.0
USA,2021-10-14,86123.0,44848444.0,2191.0
USA,2021-10-15,108847.0,44957291.0,1823.0
USA,2021-10-16,41349.0,44998640.0,596.0
USA,2021-10-17,33172.0,45031812.0,480.0
USA,2021-10-18,96652.0,45128464.0,1767.0
USA,2021-10-19,82599.0,45211063.0,1966.0
USA,2021-10-20,92318.0,45303381.0,3189.0
USA,2021-10-21,77271.0,45380652.0,2016.0
USA,2021-10-22,95968.0,45476620.0,1871.0
USA,2021-10-23,34276.0,45510896.0,574.0
USA,2021-10-24,20952.0,45531848.0,280.0
USA,2021-10-25,109489.0,45641337.0,1467.0
USA,2021-10-26,67621.0,45708958.0,1607.0
USA,2021-10-27,102529.0,45811487.0,2061.0
USA,2021-10-28,74526.0,45886013.0,1856.0
USA,2021-10-29,94836.0,45980849.0,1733.0
USA,2021-10-30,36255.0,46017104.0,400.0
USA,2021-10-31,34006.0,46051110.0,258.0
USA,2021-11-01,109855.0,46160965.0,1253.0
USA,2021-11-02,70028.0,46230993.0,1290.0
USA,2021-11-03,86765.0,46317758.0,1989.0
USA,2021-11-04,81241.0,46398999.0,1202.0
USA,2021-11-05,97134.0,46496133.0,2123.0
USA,2021-11-06,37260.0,46533393.0,506.0
USA,2021-11-07,38970.0,46572363.0,231.0
USA,2021-11-08,107330.0,46679693.0,1213.0
USA,2021-11-09,79908.0,46759601.0,1452.0
USA,2021-11-10,95244.0,46854845.0,1696.0
USA,2021-11-11,57538.0,46912383.0,901.0
USA,2021-11-12,144131.0,47056514.0,2452.0
USA,2021-11-13,46168.0,47102682.0,599.0
USA,2021-11-14,33871.0,47136553.0,230.0
USA,2021-11-15,131063.0,47267616.0,1285.0
USA,2021-11-16,87985.0,47355601.0,1322.0
USA,2021-11-17,112530.0,47468131.0,1667.0
USA,2021-11-18,108536.0,47576667.0,1336.0
USA,2021-11-19,126267.0,47702934.0,1769.0
USA,2021-11-20,47186.0,47750120.0,475.0
USA,2021-11-21,41495.0,47791615.0,248.0
USA,2021-11-22,140975.0,47932590.0,1250.0
USA,2021-11-23,91639.0,48024229.0,1360.0
USA,2021-11-24,111353.0,48135582.0,1699.0
USA,2021-11-25,37368.0,48172950.0,485.0
USA,2021-11-26,54684.0,48227634.0,389.0
USA,2021-11-27,28395.0,48256029.0,338.0
USA,2021-11-28,45080.0,48301109.0,277.0
USA,2021-11-29,185173.0,48486282.0,1918.0
USA,2021-11-30,117450.0,48603732.0,1645.0
USA,2021-12-01,136940.0,48740672.0,2003.0
USA,2021-12-02,138195.0,48878867.0,3886.0
USA,2021-12-03,157939.0,49036806.0,1611.0
USA,2021-12-04,67917.0,49104723.0,699.0
USA,2021-12-05,56457.0,49161180.0,412.0
USA,2021-12-06,175072.0,49336252.0,1429.0
USA,2021-12-07,112318.0,49448570.0,1517.0
USA,2021-12-08,149411.0,49597981.0,1823.0
USA,2021-12-09,123776.0,49721757.0,1552.0
USA,2021-12-10,157503.0,49879260.0,1753.0
USA,2021-12-11,57623.0,49936883.0,624.0
USA,2021-12-12,53379.0,49990262.0,370.0
USA,2021-12-13,183382.0,50173644.0,1394.0
USA,2021-12-14,113219.0,50286863.0,1517.0
USA,2021-12-15,145715.0,50432578.0,2236.0
USA,2021-12-16,142013.0,50574591.0,1269.0
USA,2021-12-17,192610.0,50767201.0,1864.0
USA,2021-12-18,81546.0,50848747.0,679.0
USA,2021-12-19,90905.0,50939652.0,320.0
USA,2021-12-20,241237.0,51180889.0,1552.0
USA,2021-12-21,182146.0,51363035.0,1914.0
USA,2021-12-22,247987.0,51611022.0,4187.0
USA,2021-12-23,274142.0,51885164.0,1407.0
USA,2021-12-24,248212.0,52133376.0,689.0
USA,2021-12-25,88288.0,52221664.0,242.0
USA,2021-12-26,183920.0,52405584.0,370.0
USA,2021-12-27,506060.0,52911644.0,1846.0
USA,2021-12-28,372102.0,53283746.0,2291.0
USA,2021-12-29,511446.0,53795192.0,2368.0
USA,2021-12-30,597479.0,54392671.0,1490.0
USA,2021-12-31,511932.0,54904603.0,731.0
USA,2022-01-01,192132.0,55096735.0,401.0
USA,2022-01-02,296328.0,55393063.0,406.0
USA,2022-01-03,1043268.0,56436331.0,1904.0
USA,2022-01-04,828128.0,57264459.0,2331.0
USA,2022-01-05,676231.0,57940690.0,2231.0
USA,2022-01-06,843541.0,58784231.0,2095.0
USA,2022-01-07,879569.0,59663800.0,2438.0
USA,2022-01-08,407771.0,60071571.0,871.0
USA,2022-01-09,493328.0,60564899.0,619.0
USA,2022-01-10,1355234.0,61920133.0,2054.0
USA,2022-01-11,785249.0,62705382.0,2522.0
USA,2022-01-12,854461.0,63559843.0,2849.0
USA,2022-01-13,864155.0,64423998.0,2560.0
USA,2022-01-14,879727.0,65303725.0,2796.0
USA,2022-01-15,416110.0,65719835.0,1008.0
USA,2022-01-16,486103.0,66205938.0,762.0
USA,2022-01-17,659365.0,66865303.0,1036.0
USA,2022-01-18,1132754.0,67998057.0,2739.0
USA,2022-01-19,910897.0,68908954.0,3480.0
USA,2022-01-20,729229.0,69638183.0,2931.0
USA,2022-01-21,827053.0,70465236.0,3390.0
USA,2022-01-22,308100.0,70773336.0,1030.0
USA,2022-01-23,370062.0,71143398.0,737.0
USA,2022-01-24,910560.0,72053958.0,2180.0
USA,2022-01-25,492390.0,72546348.0,3156.0
USA,2022-01-26,677566.0,73223914.0,3867.0
USA,2022-01-27,502945.0,73726859.0,2621.0
USA,2022-01-28,613110.0,74339969.0,4091.0
USA,2022-01-29,181631.0,74521600.0,1210.0
USA,2022-01-30,200483.0,74722083.0,485.0
USA,2022-01-31,536574.0,75258657.0,2607.0
USA,2022-02-01,326292.0,75584949.0,3357.0
USA,2022-02-02,327741.0,75912690.0,3588.0
USA,2022-02-03,273282.0,76185972.0,2482.0
USA,2022-02-04,355056.0,76541028.0,4122.0
USA,2022-02-05,87935.0,76628963.0,925.0
USA,2022-02-06,84759.0,76713722.0,466.0
USA,2022-02-07,343404.0,77057126.0,2889.0
USA,2022-02-08,213768.0,77270894.0,3001.0
USA,2022-02-09,187471.0,77458365.0,3336.0
USA,2022-02-10,170359.0,77628724.0,3251.0
USA,2022-02-11,208458.0,77837182.0,2702.0
USA,2022-02-12,52634.0,77889816.0,822.0
USA,2022-02-13,59071.0,77948887.0,582.0
USA,2022-02-14,167601.0,78116488.0,3182.0
USA,2022-02-15,110488.0,78226976.0,2607.0
USA,2022-02-16,113926.0,78340902.0,3183.0
USA,2022-02-17,100705.0,78441607.0,2952.0
USA,2022-02-18,143993.0,78585600.0,2503.0
USA,2022-02-19,31977.0,78617577.0,686.0
USA,2022-02-20,23506.0,78641083.0,446.0
USA,2022-02-21,79881.0,78720964.0,916.0
USA,2022-02-22,89181.0,78810145.0,2173.0
USA,2022-02-23,84132.0,78894277.0,3092.0
USA,2022-02-24,66467.0,78960744.0,2955.0
USA,2022-02-25,73691.0,79034435.0,2081.0
USA,2022-02-26,47718.0,79082153.0,762.0
USA,2022-02-27,18515.0,79100668.0,225.0
USA,2022-02-28,96900.0,79197568.0,2142.0
USA,2022-03-01,46408.0,79243976.0,1768.0
USA,2022-03-02,53077.0,79297053.0,2092.0
USA,2022-03-03,48457.0,79345510.0,1708.0
USA,2022-03-04,50703.0,79396213.0,1738.0
USA,2022-03-05,15206.0,79411419.0,309.0
USA,2022-03-06,12604.0,79424023.0,214.0
USA,2022-03-07,61536.0,79485559.0,1698.0
USA,2022-03-08,29460.0,79515019.0,1419.0
USA,2022-03-09,37032.0,79552051.0,2024.0
USA,2022-03-10,45770.0,79597821.0,1772.0
USA,2022-03-11,48855.0,79646676.0,1660.0
USA,2022-03-12,10469.0,79657145.0,279.0
USA,2022-03-13,11278.0,79668423.0,193.0
USA,2022-03-14,34532.0,79702955.0,1312.0
USA,2022-03-15,23505.0,79726460.0,1082.0
USA,2022-03-16,51254.0,79777714.0,1849.0
USA,2022-03-17,52026.0,79829740.0,1497.0
USA,2022-03-18,31720.0,79861460.0,816.0
USA,2022-03-19,11102.0,79872562.0,285.0
USA,2022-03-20,11653.0,79884215.0,88.0
USA,2022-03-21,41470.0,79925685.0,1284.0
USA,2022-03-22,21226.0,79946911.0,775.0
USA,2022-03-23,39931.0,79986842.0,1640.0
USA,2022-03-24,42101.0,80028943.0,866.0
USA,2022-03-25,44441.0,80073384.0,620.0
USA,2022-03-26,9686.0,80083070.0,151.0
USA,2022-03-27,12020.0,80095090.0,61.0
USA,2022-03-28,37708.0,80132798.0,1019.0
USA,2022-03-29,23243.0,80156041.0,988.0
USA,2022-03-30,38136.0,80194177.0,1169.0
USA,2022-03-31,44494.0,80238671.0,518.0
USA,2022-04-01,31156.0,80269827.0,830.0
USA,2022-04-02,12024.0,80281851.0,158.0
USA,2022-04-03,4988.0,80286839.0,60.0
USA,2022-04-04,38125.0,80324964.0,594.0
USA,2022-04-05,24972.0,80349936.0,512.0
USA,2022-04-06,39925.0,80389861.0,1128.0
USA,2022-04-07,49679.0,80439540.0,835.0
USA,2022-04-08,73190.0,80512730.0,640.0
USA,2022-04-09,13055.0,80525785.0,145.0
USA,2022-04-10,9814.0,80535599.0,30.0
USA,2022-04-11,38126.0,80573725.0,335.0
USA,2022-04-12,35225.0,80608950.0,594.0
USA,2022-04-13,56075.0,80665025.0,951.0
USA,2022-04-14,47860.0,80712885.0,726.0
USA,2022-04-15,34194.0,80747079.0,440.0
USA,2022-04-16,12805.0,80759884.0,54.0
USA,2022-04-17,7923.0,80767807.0,11.0
USA,2022-04-18,59574.0,80827381.0,257.0
USA,2022-04-19,38493.0,80865874.0,440.0
USA,2022-04-20,67805.0,80933679.0,906.0
USA,2022-04-21,60470.0,80994149.0,401.0
USA,2022-04-22,88823.0,81082972.0,524.0
USA,2022-04-23,20277.0,81103249.0,54.0
USA,2022-04-24,13971.0,81117220.0,32.0
USA,2022-04-25,68273.0,81185493.0,266.0
USA,2022-04-26,45156.0,81230649.0,320.0
USA,2022-04-27,89827.0,81320476.0,804.0
USA,2022-04-28,77125.0,81397601.0,412.0
USA,2022-04-29,61252.0,81458853.0,423.0
USA,2022-04-30,24645.0,81483498.0,115.0
USA,2022-05-01,17354.0,81500852.0,23.0
USA,2022-05-02,93901.0,81594753.0,295.0
USA,2022-05-03,49928.0,81644681.0,449.0
USA,2022-05-04,112358.0,81757039.0,1952.0
USA,2022-05-05,88331.0,81845370.0,300.0
USA,2022-05-06,129062.0,81974432.0,381.0
USA,2022-05-07,28686.0,82003118.0,188.0
USA,2022-05-08,6598.0,82009716.0,30.0
USA,2022-05-09,129218.0,82138934.0,255.0
USA,2022-05-10,70724.0,82209658.0,327.0
USA,2022-05-11,161042.0,82370700.0,684.0
USA,2022-05-12,105472.0,82476172.0,302.0
USA,2022-05-13,87268.0,82563440.0,207.0
USA,2022-05-14,18121.0,82581561.0,60.0
USA,2022-05-15,33121.0,82614682.0,37.0
USA,2022-05-16,176964.0,82791646.0,247.0
USA,2022-05-17,85472.0,82877118.0,397.0
USA,2022-05-18,203882.0,83081000.0,971.0
USA,2022-05-19,135473.0,83216473.0,335.0
USA,2022-05-20,148788.0,83365261.0,418.0
USA,2022-05-21,28101.0,83393362.0,76.0
USA,2022-05-22,13363.0,83406725.0,47.0
USA,2022-05-23,149051.0,83555776.0,245.0
USA,2022-05-24,83868.0,83639644.0,343.0
USA,2022-05-25,210762.0,83850406.0,1087.0
USA,2022-05-26,135317.0,83985723.0,356.0
USA,2022-05-27,108005.0,84093728.0,532.0
USA,2022-05-28,14198.0,84107926.0,39.0
USA,2022-05-29,7058.0,84114984.0,17.0
USA,2022-05-30,62460.0,84177444.0,42.0
USA,2022-05-31,167337.0,84344781.0,367.0
USA,2022-06-01,228956.0,84573737.0,677.0
USA,2022-06-02,122128.0,84695865.0,327.0
USA,2022-06-03,156994.0,84852859.0,400.0
USA,2022-06-04,28051.0,84880910.0,156.0
USA,2022-06-05,16283.0,84897193.0,34.0
USA,2022-06-06,159744.0,85056937.0,284.0
USA,2022-06-07,86881.0,85143818.0,475.0
USA,2022-06-08,198919.0,85342737.0,1198.0
USA,2022-06-09,131628.0,85474365.0,297.0
USA,2022-06-10,106206.0,85580571.0,367.0
USA,2022-06-11,35233.0,85615804.0,109.0
USA,2022-06-12,17761.0,85633565.0,29.0
USA,2022-06-13,151751.0,85785316.0,291.0
USA,2022-06-14,90192.0,85875508.0,364.0
USA,2022-06-15,185161.0,86060669.0,708.0
USA,2022-06-16,129738.0,86190407.0,443.0
USA,2022-06-17,138843.0,86329250.0,319.0
USA,2022-06-18,17689.0,86346939.0,41.0
USA,2022-06-19,18063.0,86365002.0,54.0
USA,2022-06-20,96014.0,86461016.0,95.0
USA,2022-06-21,111378.0,86572394.0,456.0
USA,2022-06-22,185666.0,86758060.0,855.0
USA,2022-06-23,138398.0,86896458.0,381.0
USA,2022-06-24,117166.0,87013624.0,446.0
USA,2022-06-25,40907.0,87054531.0,149.0
USA,2022-06-26,22281.0,87076812.0,21.0
USA,2022-06-27,160239.0,87237051.0,299.0
USA,2022-06-28,97893.0,87334944.0,576.0
USA,2022-06-29,190271.0,87525215.0,727.0
USA,2022-06-30,167430.0,87692645.0,0.0
USA,2022-07-01,156851.0,87849496.0,502.0
USA,2022-07-02,20339.0,87869835.0,45.0
USA,2022-07-03,8444.0,87878279.0,7.0
USA,2022-07-04,76282.0,87954561.0,79.0
USA,2022-07-05,141902.0,88096463.0,462.0
USA,2022-07-06,200733.0,88297196.0,768.0
USA,2022-07-07,138834.0,88436030.0,1073.0
USA,2022-07-08,137726.0,88573756.0,531.0
USA,2022-07-09,28984.0,88602740.0,49.0
USA,2022-07-10,24527.0,88627267.0,31.0
USA,2022-07-11,201282.0,88828549.0,470.0
USA,2022-07-12,148234.0,88976783.0,566.0
USA,2022-07-13,204671.0,89181454.0,976.0
USA,2022-07-14,175156.0,89356610.0,374.0
USA,2022-07-15,153178.0,89509788.0,510.0
USA,2022-07-16,39196.0,89548984.0,53.0
USA,2022-07-17,29601.0,89578585.0,54.0
USA,2022-07-18,165272.0,89743857.0,441.0
USA,2022-07-19,117279.0,89861136.0,632.0
USA,2022-07-20,216745.0,90077881.0,902.0
USA,2022-07-21,175452.0,90253333.0,497.0
USA,2022-07-22,131393.0,90384726.0,581.0
USA,2022-07-23,26330.0,90411056.0,71.0
USA,2022-07-24,23251.0,90434307.0,31.0
USA,2022-07-25,189952.0,90624259.0,426.0
USA,2022-07-26,132214.0,90756473.0,550.0
USA,2022-07-27,240128.0,90996601.0,955.0
USA,2022-07-28,177048.0,91173649.0,402.0
USA,2022-07-29,159242.0,91332891.0,625.0
USA,2022-07-30,16014.0,91348905.0,31.0
USA,2022-07-31,12996.0,91361901.0,13.0
USA,2022-08-01,170167.0,91532068.0,574.0
USA,2022-08-02,90973.0,91623041.0,510.0
USA,2022-08-03,200705.0,91823746.0,1096.0
USA,2022-08-04,187118.0,92010864.0,621.0
USA,2022-08-05,106027.0,92116891.0,717.0
USA,2022-08-06,14979.0,92131870.0,41.0
USA,2022-08-07,12601.0,92144471.0,31.0
USA,2022-08-08,155667.0,92300138.0,501.0
USA,2022-08-09,99808.0,92399946.0,645.0
USA,2022-08-10,196519.0,92596465.0,946.0
USA,2022-08-11,162712.0,92759177.0,556.0
USA,2022-08-12,96735.0,92855912.0,657.0
USA,2022-08-13,83668.0,92939580.0,46.0
USA,2022-08-14,9742.0,92949322.0,16.0
USA,2022-08-15,123142.0,93072464.0,470.0
USA,2022-08-16,91879.0,93164343.0,511.0
USA,2022-08-17,137022.0,93301365.0,1109.0
USA,2022-08-18,149001.0,93450366.0,608.0
USA,2022-08-19,77636.0,93528002.0,590.0
USA,2022-08-20,11054.0,93539056.0,44.0
USA,2022-08-21,9785.0,93548841.0,788.0
USA,2022-08-22,129194.0,93678035.0,0.0
USA,2022-08-23,99340.0,93777375.0,617.0
USA,2022-08-24,151872.0,93929247.0,965.0
USA,2022-08-25,139527.0,94068774.0,615.0
USA,2022-08-26,120680.0,94189454.0,704.0
USA,2022-08-27,11760.0,94201214.0,38.0
USA,2022-08-28,8428.0,94209642.0,18.0
USA,2022-08-29,106215.0,94315857.0,482.0
USA,2022-08-30,75770.0,94391627.0,404.0
USA,2022-08-31,154515.0,94546142.0,1526.0
USA,2022-09-01,130613.0,94676755.0,681.0
USA,2022-09-02,64681.0,94741436.0,480.0
USA,2022-09-03,11386.0,94752822.0,36.0
USA,2022-09-04,7420.0,94760242.0,14.0
USA,2022-09-05,33598.0,94793840.0,89.0
USA,2022-09-06,112691.0,94906531.0,606.0
USA,2022-09-07,124041.0,95030572.0,803.0
USA,2022-09-08,107121.0,95137693.0,688.0
USA,2022-09-09,100811.0,95238504.0,547.0
USA,2022-09-10,10117.0,95248621.0,38.0
USA,2022-09-11,8985.0,95257606.0,20.0
USA,2022-09-12,69522.0,95327128.0,461.0
USA,2022-09-13,79724.0,95406852.0,519.0
USA,2022-09-14,103658.0,95510510.0,971.0
USA,2022-09-15,83363.0,95593873.0,671.0
USA,2022-09-16,56241.0,95650114.0,432.0
USA,2022-09-17,8534.0,95658648.0,34.0
USA,2022-09-18,5459.0,95664107.0,22.0
USA,2022-09-19,55797.0,95719904.0,397.0
USA,2022-09-20,69291.0,95789195.0,439.0
USA,2022-09-21,98437.0,95887632.0,992.0
USA,2022-09-22,80990.0,95968622.0,662.0
USA,2022-09-23,83298.0,96051920.0,425.0
USA,2022-09-24,9723.0,96061643.0,52.0
USA,2022-09-25,6710.0,96068353.0,18.0
USA,2022-09-26,45592.0,96113945.0,369.0
USA,2022-09-27,61013.0,96174958.0,448.0
USA,2022-09-28,86838.0,96261796.0,1303.0
USA,2022-09-29,84368.0,96346164.0,693.0
USA,2022-09-30,33399.0,96379563.0,317.0
USA,2022-10-01,7894.0,96387457.0,35.0
USA,2022-10-02,5757.0,96393214.0,15.0
USA,2022-10-03,41284.0,96434498.0,292.0
USA,2022-10-04,55196.0,96489694.0,504.0
USA,2022-10-05,71251.0,96560945.0,1064.0
USA,2022-10-06,60740.0,96621685.0,582.0
USA,2022-10-07,58202.0,96679887.0,400.0
USA,2022-10-08,7711.0,96687598.0,50.0
USA,2022-10-09,5512.0,96693110.0,8.0
USA,2022-10-10,22915.0,96716025.0,133.0
USA,2022-10-11,60675.0,96776700.0,608.0
USA,2022-10-12,64602.0,96841302.0,767.0
USA,2022-10-13,63340.0,96904642.0,656.0
USA,2022-10-14,26900.0,96931542.0,260.0
USA,2022-10-15,5969.0,96937511.0,38.0
USA,2022-10-16,6672.0,96944183.0,6.0
USA,2022-10-17,38755.0,96982938.0,328.0
USA,2022-10-18,43486.0,97026424.0,433.0
USA,2022-10-19,61315.0,97087739.0,755.0
USA,2022-10-20,57117.0,97144856.0,556.0
USA,2022-10-21,45913.0,97190769.0,576.0
USA,2022-10-22,5357.0,97196126.0,18.0
USA,2022-10-23,8477.0,97204603.0,7.0
USA,2022-10-24,39124.0,97243727.0,203.0
USA,2022-10-25,43559.0,97287286.0,427.0
USA,2022-10-26,71439.0,97358725.0,1126.0
USA,2022-10-27,59019.0,97417744.0,547.0
USA,2022-10-28,30144.0,97447888.0,180.0
USA,2022-10-29,8973.0,97456861.0,30.0
USA,2022-10-30,3150.0,97460011.0,2.0
USA,2022-10-31,43008.0,97503019.0,123.0
USA,2022-11-01,47331.0,97550350.0,399.0
USA,2022-11-02,72538.0,97622888.0,742.0
USA,2022-11-03,69162.0,97692050.0,573.0
USA,2022-11-04,37603.0,97729653.0,339.0
USA,2022-11-05,4608.0,97734261.0,21.0
USA,2022-11-06,7503.0,97741764.0,12.0
USA,2022-11-07,38418.0,97780182.0,130.0
USA,2022-11-08,17379.0,97797561.0,197.0
