Date	Open	High	Low	Close*	Adj Close**	Volume
Nov 25, 2022	67.13	67.61	66.74	67.15	67.15	605,000
Nov 23, 2022	66.45	67.73	66.45	67.13	67.13	1,170,100
Nov 22, 2022	66.16	66.63	65.87	66.52	66.52	1,876,600
Nov 21, 2022	65.56	66.25	65.19	65.96	65.96	1,468,600
Nov 18, 2022	65.49	65.64	64.64	65.52	65.52	3,452,500
Nov 17, 2022	64.85	65.08	64.06	64.86	64.86	1,414,200
Nov 16, 2022	64.86	65.69	64.86	65.36	65.36	1,303,900
Nov 15, 2022	66.71	66.99	64.46	64.79	64.79	2,372,200
Nov 14, 2022	66.06	67.12	65.68	66.04	66.04	1,824,300
Nov 11, 2022	66.53	66.90	65.94	66.40	66.40	1,797,200
Nov 10, 2022	65.25	66.34	64.54	66.21	66.21	2,351,800
Nov 09, 2022	64.51	65.25	63.47	63.61	63.61	3,020,100
Nov 08, 2022	62.86	65.66	62.53	64.57	64.57	3,369,700
Nov 07, 2022	62.09	62.45	61.50	62.41	62.41	2,047,500
Nov 04, 2022	61.96	62.12	60.60	61.90	61.90	1,665,800
Nov 03, 2022	60.26	62.21	60.21	61.57	61.57	1,805,600
Nov 02, 2022	61.81	62.75	60.70	60.72	60.72	1,857,400
Nov 01, 2022	62.57	62.97	61.80	62.35	62.35	1,724,500
Oct 31, 2022	62.00	62.52	61.85	62.24	62.24	2,623,800
Oct 28, 2022	60.82	62.33	60.42	62.28	62.28	1,583,000
Oct 27, 2022	60.39	61.45	60.38	60.65	60.65	1,643,500
Oct 26, 2022	60.68	61.16	59.94	60.03	60.03	2,428,600
Oct 25, 2022	59.15	60.68	59.13	60.55	60.55	2,134,200
Oct 24, 2022	58.04	59.48	57.93	58.77	58.77	1,507,000
Oct 21, 2022	56.86	57.85	56.02	57.74	57.74	2,378,100
Oct 20, 2022	56.19	57.12	55.94	56.84	56.84	2,137,100
Oct 19, 2022	56.97	57.47	55.50	56.00	56.00	2,630,600
Oct 18, 2022	57.84	58.13	56.77	57.21	57.21	2,807,000
Oct 17, 2022	55.47	57.40	55.47	56.75	56.75	2,744,500
Oct 14, 2022	57.97	58.21	54.66	54.75	54.75	3,426,300
Oct 13, 2022	56.44	58.68	55.82	58.55	58.55	2,262,900
Oct 12, 2022	58.14	58.25	57.56	57.58	57.58	1,241,800
Oct 11, 2022	57.59	58.71	57.32	58.10	58.10	1,906,000
Oct 10, 2022	57.93	58.00	57.12	57.70	57.70	1,154,800
Oct 07, 2022	58.98	59.10	57.31	57.66	57.66	1,523,200
Oct 06, 2022	59.70	60.40	59.42	59.51	59.51	1,510,300
Oct 05, 2022	59.45	60.30	58.96	59.72	59.72	1,911,100
Oct 04, 2022	59.22	59.97	59.01	59.90	59.90	1,810,900
Oct 03, 2022	56.97	58.40	56.60	58.33	58.33	1,863,200
Sep 30, 2022	57.29	58.04	56.51	56.68	56.68	2,021,500
Sep 29, 2022	57.96	58.03	56.79	57.11	57.11	2,177,000
Sep 28, 2022	57.25	58.59	56.91	58.32	58.32	2,006,400
Sep 27, 2022	57.01	57.31	56.37	56.96	56.96	1,697,500
Sep 26, 2022	56.90	57.14	56.29	56.57	56.57	1,772,000
Sep 23, 2022	57.10	57.28	56.20	56.93	56.93	1,921,000
Sep 22, 2022	58.28	58.37	56.89	57.40	57.40	1,793,400
Sep 21, 2022	59.71	60.42	58.57	58.57	58.57	1,813,000
Sep 20, 2022	60.37	60.57	58.80	59.20	59.20	1,967,700
Sep 19, 2022	60.51	60.83	60.21	60.73	60.73	1,473,000
Sep 16, 2022	61.04	61.15	60.14	61.01	61.01	3,536,900
Sep 15, 2022	61.80	62.21	61.03	61.11	61.11	1,477,000
Sep 14, 2022	62.31	62.86	61.46	62.03	61.83	1,677,800
Sep 13, 2022	62.87	63.03	61.55	61.85	61.65	1,615,400
Sep 12, 2022	63.49	64.13	63.21	64.11	63.90	1,693,700
Sep 09, 2022	63.10	63.58	63.00	63.26	63.06	1,276,800
Sep 08, 2022	62.02	63.14	61.98	63.09	62.89	2,154,700
Sep 07, 2022	60.66	62.46	60.66	62.42	62.22	1,724,600
Sep 06, 2022	59.75	60.66	59.54	60.62	60.42	1,972,600
Sep 02, 2022	60.41	61.25	59.50	59.68	59.49	1,570,600
Sep 01, 2022	59.03	60.06	58.80	59.99	59.80	1,881,900
Aug 31, 2022	59.90	60.26	59.34	59.53	59.34	3,367,400
Aug 30, 2022	60.16	60.45	59.37	59.60	59.41	2,037,700
Aug 29, 2022	60.32	60.82	59.64	59.70	59.51	1,743,000
Aug 26, 2022	62.41	62.57	60.67	60.69	60.49	1,778,400
Aug 25, 2022	62.12	62.55	61.87	62.40	62.20	992,700
Aug 24, 2022	61.48	62.22	61.44	62.07	61.87	2,077,500
Aug 23, 2022	61.39	61.80	61.04	61.44	61.24	1,870,200
Aug 22, 2022	62.04	62.59	61.69	61.94	61.74	1,828,500
Aug 19, 2022	63.45	63.45	62.12	62.37	62.17	2,967,900
Aug 18, 2022	64.47	64.66	63.54	64.04	63.83	1,774,200
Aug 17, 2022	63.79	64.79	63.64	64.59	64.39	1,908,000
Aug 16, 2022	63.90	63.98	63.16	63.86	63.66	1,927,800
Aug 15, 2022	63.25	64.78	63.00	63.98	63.78	2,126,100
Aug 12, 2022	62.79	63.51	62.41	63.47	63.27	1,431,900
Aug 11, 2022	62.42	62.66	61.98	62.19	61.99	1,325,400
Aug 10, 2022	61.76	62.42	61.68	62.20	62.00	2,002,500
Aug 09, 2022	60.80	61.17	60.67	61.06	60.86	1,349,700
Aug 08, 2022	60.70	61.32	60.58	60.95	60.75	1,031,400
Aug 05, 2022	60.50	60.94	60.14	60.69	60.49	1,461,300
Aug 04, 2022	60.24	61.04	60.22	60.93	60.73	1,961,100
Aug 03, 2022	59.69	60.24	59.46	60.06	59.86	1,860,000
Aug 02, 2022	59.39	59.90	59.06	59.56	59.37	2,003,400
Aug 01, 2022	59.76	60.27	59.43	59.62	59.43	1,902,600
Jul 29, 2022	59.72	60.45	59.56	60.30	60.11	2,257,500
Jul 28, 2022	58.14	60.09	57.97	59.81	59.61	3,229,200
Jul 27, 2022	57.99	58.33	57.61	58.00	57.81	2,544,000
Jul 26, 2022	56.96	57.76	56.67	57.67	57.48	3,321,000
Jul 25, 2022	57.58	58.00	56.93	57.33	57.15	2,984,100
Jul 22, 2022	58.02	58.30	57.16	57.53	57.35	4,148,700
Jul 21, 2022	56.53	58.02	56.14	58.00	57.81	3,719,700
Jul 20, 2022	54.18	56.66	54.17	56.35	56.16	4,931,700
Jul 19, 2022	52.16	53.28	51.98	53.11	52.94	2,206,800
Jul 18, 2022	52.59	52.82	51.43	51.59	51.43	2,061,300
Jul 15, 2022	51.43	52.36	51.43	52.36	52.19	1,929,000
Jul 14, 2022	50.77	51.34	50.51	51.17	51.01	1,887,600
Jul 13, 2022	50.79	51.75	50.77	51.45	51.28	1,594,200
Jul 12, 2022	52.59	53.32	51.44	51.59	51.42	3,583,500
Jul 11, 2022	52.01	52.77	51.81	52.54	52.37	1,981,800
Jul 08, 2022	52.15	52.49	51.79	52.19	52.02	2,105,400
Jul 07, 2022	52.17	52.63	51.93	52.23	52.06	2,158,800
Jul 06, 2022	52.74	53.31	52.16	52.26	52.09	2,733,600
Jul 05, 2022	51.67	52.58	51.20	52.50	52.33	2,408,700
Jul 01, 2022	50.77	52.04	50.66	51.86	51.70	2,646,900
Jun 30, 2022	50.52	51.35	50.33	50.85	50.68	2,358,000
Jun 29, 2022	51.52	51.67	50.63	51.02	50.86	2,322,300
Jun 28, 2022	52.64	53.11	51.52	51.55	51.39	1,933,200
Jun 27, 2022	53.27	53.32	52.50	52.64	52.47	2,247,000
Jun 24, 2022	53.04	53.33	52.61	53.09	52.92	4,764,000
Jun 23, 2022	51.58	52.88	51.41	52.75	52.58	4,616,400
Jun 22, 2022	50.47	51.66	50.00	51.20	51.04	2,798,400
Jun 21, 2022	50.00	51.19	50.00	50.88	50.71	3,176,100
Jun 17, 2022	49.47	50.19	49.20	49.62	49.46	7,043,100
Jun 16, 2022	49.31	49.78	48.75	49.52	49.36	3,531,300
Jun 15, 2022	48.78	50.54	48.75	49.97	49.81	3,161,400
Jun 14, 2022	49.05	49.07	48.06	48.62	48.47	4,787,400
Jun 13, 2022	48.92	49.48	48.29	48.95	48.80	3,696,600
Jun 10, 2022	50.44	50.64	49.58	50.06	49.90	3,722,100
Jun 09, 2022	51.08	51.57	50.84	50.92	50.75	2,419,800
Jun 08, 2022	51.40	52.11	51.10	51.30	50.94	2,175,000
Jun 07, 2022	50.95	51.60	50.80	51.59	51.22	1,667,700
Jun 06, 2022	51.74	52.25	51.19	51.37	51.00	2,028,000
Jun 03, 2022	51.37	51.49	50.91	51.36	50.99	1,748,100
Jun 02, 2022	50.87	51.61	50.47	51.60	51.24	2,674,200
Jun 01, 2022	51.81	52.13	50.73	50.76	50.40	1,746,000
May 31, 2022	51.43	52.12	51.33	51.75	51.39	4,908,600
May 27, 2022	50.84	51.90	50.39	51.88	51.51	2,790,000
May 26, 2022	49.40	50.52	49.17	50.31	49.95	2,370,600
May 25, 2022	48.74	49.46	48.57	49.17	48.82	2,639,700
May 24, 2022	48.81	49.09	48.03	48.88	48.53	2,338,800
May 23, 2022	49.15	49.48	48.57	49.24	48.89	2,484,600
May 20, 2022	48.09	48.78	47.85	48.71	48.36	5,956,500
May 19, 2022	46.97	47.92	46.77	47.69	47.35	3,315,300
May 18, 2022	49.29	49.29	47.21	47.36	47.03	2,166,600
May 17, 2022	49.55	49.75	49.11	49.60	49.24	2,902,500
May 16, 2022	49.10	49.23	48.50	48.71	48.36	1,954,800
May 13, 2022	48.42	49.51	48.42	49.16	48.81	2,565,600
May 12, 2022	47.53	48.42	47.07	48.11	47.77	2,364,300
May 11, 2022	48.35	49.11	47.71	47.74	47.40	2,997,600
May 10, 2022	49.53	49.96	48.07	48.59	48.25	3,365,400
May 09, 2022	50.20	50.22	48.57	48.73	48.38	2,208,600
May 06, 2022	51.31	51.41	50.19	50.76	50.40	2,025,000
May 05, 2022	52.95	53.26	51.18	51.63	51.27	2,554,500
May 04, 2022	52.60	53.47	52.12	53.37	52.99	4,362,900
May 03, 2022	52.05	52.94	52.03	52.61	52.24	2,318,400
May 02, 2022	52.42	52.93	51.11	52.23	51.86	2,764,800
Apr 29, 2022	53.91	54.03	52.35	52.46	52.08	2,777,700
Apr 28, 2022	53.54	54.41	53.14	54.18	53.80	4,019,700
Apr 27, 2022	53.78	54.48	53.28	53.35	52.97	6,241,500
Apr 26, 2022	55.53	55.69	53.87	53.89	53.51	2,699,700
Apr 25, 2022	55.34	55.80	54.90	55.55	55.15	3,533,400
Apr 22, 2022	56.40	56.73	55.59	55.62	55.22	2,491,200
Apr 21, 2022	57.70	57.87	56.23	56.48	56.08	3,123,300
Apr 20, 2022	59.83	59.83	57.24	57.60	57.19	3,783,900
Apr 19, 2022	59.26	60.40	59.26	60.35	59.92	1,891,200
Apr 18, 2022	59.18	59.61	58.88	59.45	59.02	1,360,200
Apr 14, 2022	60.57	60.79	59.48	59.52	59.09	1,279,800
Apr 13, 2022	60.16	60.60	59.67	60.46	60.03	1,190,400
Apr 12, 2022	61.03	61.43	59.73	60.02	59.59	2,004,900
Apr 11, 2022	60.79	61.08	59.73	60.78	60.34	2,455,200
Apr 08, 2022	61.31	61.49	60.77	61.14	60.71	1,729,800
Apr 07, 2022	60.95	61.29	60.54	61.00	60.57	1,977,600
Apr 06, 2022	60.13	61.39	59.86	61.19	60.76	2,649,900
Apr 05, 2022	60.64	61.56	60.57	60.68	60.25	2,528,100
Apr 04, 2022	60.74	61.12	60.33	60.79	60.35	2,622,300
Apr 01, 2022	59.94	60.69	59.39	60.64	60.21	1,910,400
Mar 31, 2022	60.87	61.29	59.29	59.40	58.98	3,237,600
Mar 30, 2022	60.32	60.93	60.07	60.63	60.20	2,478,300
Mar 29, 2022	59.58	60.70	59.57	60.44	60.01	2,312,100
Mar 28, 2022	58.34	59.21	58.34	59.18	58.76	1,322,700
Mar 25, 2022	58.44	58.67	58.07	58.43	58.01	1,391,100
Mar 24, 2022	58.22	58.43	57.78	58.21	57.80	1,007,700
Mar 23, 2022	59.05	59.05	58.01	58.05	57.63	1,488,300
Mar 22, 2022	59.33	59.48	58.65	59.17	58.75	2,064,000
Mar 21, 2022	59.74	59.82	58.88	59.21	58.79	1,571,400
Mar 18, 2022	58.88	59.97	58.73	59.74	59.32	2,848,800
Mar 17, 2022	57.77	58.72	57.63	58.70	58.28	1,538,700
Mar 16, 2022	56.93	58.03	56.47	57.77	57.36	1,757,400
Mar 15, 2022	55.96	56.68	55.66	56.53	56.12	2,120,400
Mar 14, 2022	55.36	55.92	55.07	55.53	55.13	3,189,000
Mar 11, 2022	56.02	56.15	54.94	54.96	54.57	2,118,600
Mar 10, 2022	55.45	55.77	54.19	55.49	55.10	2,637,600
Mar 09, 2022	56.14	56.57	55.52	56.22	55.64	2,674,500
Mar 08, 2022	55.75	56.31	54.15	55.00	54.43	4,746,600
Mar 07, 2022	57.11	57.33	56.02	56.12	55.55	3,663,000
Mar 04, 2022	57.16	57.23	56.37	57.18	56.59	3,417,900
Mar 03, 2022	57.76	57.90	57.03	57.49	56.90	1,732,800
Mar 02, 2022	57.12	57.91	56.83	57.36	56.77	2,321,700
Mar 01, 2022	57.00	57.38	56.32	56.66	56.08	2,320,800
Feb 28, 2022	56.87	57.59	56.53	57.05	56.46	3,267,000
Feb 25, 2022	56.95	57.74	56.82	57.57	56.98	2,863,800
Feb 24, 2022	53.77	56.99	53.67	56.73	56.15	3,605,400
Feb 23, 2022	56.72	57.20	55.87	56.06	55.49	2,626,500
Feb 22, 2022	56.17	57.25	56.11	56.32	55.74	3,182,100
Feb 18, 2022	57.27	57.74	56.73	57.18	56.59	4,691,400
Feb 17, 2022	57.96	58.04	57.21	57.29	56.70	2,166,600
Feb 16, 2022	58.16	58.51	57.74	58.22	57.62	2,034,300
Feb 15, 2022	58.33	58.78	58.08	58.35	57.75	2,357,400
Feb 14, 2022	57.55	57.86	56.92	57.31	56.72	2,857,800
Feb 11, 2022	59.06	59.20	57.29	57.46	56.87	3,304,800
Feb 10, 2022	58.83	60.20	58.56	59.06	58.45	2,574,000
Feb 09, 2022	60.03	60.90	59.40	59.88	59.27	2,967,300
Feb 08, 2022	59.26	59.51	58.23	59.29	58.68	2,181,900
Feb 07, 2022	60.22	60.33	59.33	59.53	58.92	2,674,800
Feb 04, 2022	59.25	60.29	59.09	59.54	58.93	2,460,000
Feb 03, 2022	60.07	60.33	59.29	59.34	58.73	1,924,800
Feb 02, 2022	60.26	60.92	60.19	60.79	60.17	2,465,700
Feb 01, 2022	59.92	60.25	59.31	60.04	59.43	2,695,800
Jan 31, 2022	58.45	59.89	58.33	59.74	59.12	3,019,800
Jan 28, 2022	57.44	58.26	56.58	58.22	57.62	3,065,700
Jan 27, 2022	58.26	58.74	56.85	57.44	56.85	4,951,800
Jan 26, 2022	58.85	59.06	55.60	56.50	55.92	5,049,600
Jan 25, 2022	57.74	58.86	57.22	58.33	57.73	4,204,200
Jan 24, 2022	58.13	58.86	55.83	58.78	58.17	5,160,300
Jan 21, 2022	59.68	60.22	58.78	58.97	58.37	4,222,200
Jan 20, 2022	60.53	61.67	59.88	59.99	59.37	3,063,300
Jan 19, 2022	61.40	61.67	60.30	60.37	59.75	4,621,800
Jan 18, 2022	61.16	61.69	60.74	61.26	60.63	4,256,700
Jan 14, 2022	61.89	62.23	61.11	62.05	61.41	4,946,700
Jan 13, 2022	64.45	64.72	62.25	62.41	61.76	4,106,100
Jan 12, 2022	64.48	64.93	64.21	64.41	63.75	1,648,800
Jan 11, 2022	63.15	64.24	62.28	64.19	63.53	2,305,200
Jan 10, 2022	63.95	64.32	61.95	63.04	62.39	5,330,400
Jan 07, 2022	64.77	65.00	63.68	64.50	63.84	2,290,500
Jan 06, 2022	64.86	65.27	63.74	65.15	64.48	3,145,200
Jan 05, 2022	66.00	66.21	64.97	65.01	64.34	3,562,800
Jan 04, 2022	66.70	67.28	65.17	65.80	65.12	4,026,600
Jan 03, 2022	70.29	70.29	66.91	67.49	66.79	3,190,500
Dec 31, 2021	69.67	70.45	69.53	70.00	69.28	1,168,500
Dec 30, 2021	70.01	70.47	69.60	69.70	68.99	998,700
Dec 29, 2021	70.09	70.55	69.89	69.99	69.27	812,100
Dec 28, 2021	69.90	70.23	69.66	69.91	69.19	1,168,500
Dec 27, 2021	68.77	69.67	68.61	69.66	68.94	1,978,800
Dec 23, 2021	68.33	68.91	68.17	68.47	67.77	1,780,800
Dec 22, 2021	67.42	68.12	67.15	68.07	67.37	1,792,200
Dec 21, 2021	66.69	67.47	66.53	67.41	66.72	1,280,700
Dec 20, 2021	66.14	66.54	65.25	66.17	65.49	1,519,800
Dec 17, 2021	67.57	67.81	66.58	67.02	66.33	2,719,200
Dec 16, 2021	67.98	68.88	67.60	67.88	67.18	3,040,500
Dec 15, 2021	66.81	67.36	66.23	67.34	66.65	2,519,400
Dec 14, 2021	67.81	68.12	65.87	66.58	65.89	3,169,500
Dec 13, 2021	68.73	69.10	68.07	68.49	67.79	1,860,300
Dec 10, 2021	68.74	68.74	67.67	68.59	67.89	1,141,500
Dec 09, 2021	69.10	69.22	68.02	68.05	67.35	1,154,100
Dec 08, 2021	68.67	69.23	68.15	69.13	68.42	1,546,200
Dec 07, 2021	67.11	68.62	66.70	68.52	67.81	2,503,200
Dec 06, 2021	66.90	66.99	65.35	65.99	65.31	3,076,200
Dec 03, 2021	67.69	67.97	65.38	66.71	66.02	2,648,400
Dec 02, 2021	66.67	67.69	66.03	67.08	66.39	2,822,100
Dec 01, 2021	68.59	68.60	66.30	66.34	65.48	2,614,800
Nov 30, 2021	69.24	69.66	67.57	67.74	66.86	3,472,200
Nov 29, 2021	68.89	70.12	68.60	69.69	68.79	2,698,800
Nov 26, 2021	68.61	69.26	67.68	67.89	67.01	1,696,800
Nov 24, 2021	68.75	69.60	68.58	69.53	68.63	1,800,000
Nov 23, 2021	69.20	69.45	68.01	69.30	68.40	1,501,800
Nov 22, 2021	69.49	70.15	69.16	69.23	68.33	1,668,900
Nov 19, 2021	69.67	69.80	69.11	69.26	68.36	1,731,600
Nov 18, 2021	70.38	70.47	69.34	69.57	68.66	1,633,500
Nov 17, 2021	70.92	71.09	69.54	69.98	69.07	2,127,000
Nov 16, 2021	69.85	71.22	69.67	70.66	69.74	1,454,700
Nov 15, 2021	69.70	70.45	69.60	69.91	69.00	1,555,500
Nov 12, 2021	69.20	69.76	68.16	69.47	68.57	3,861,900
Nov 11, 2021	69.38	69.60	68.54	68.73	67.84	2,916,300
Nov 10, 2021	70.05	70.27	68.82	69.13	68.23	1,940,700
Nov 09, 2021	70.72	70.87	70.03	70.27	69.36	1,930,200
Nov 08, 2021	71.37	71.41	69.85	70.56	69.65	1,698,300
Nov 05, 2021	71.14	71.65	70.63	70.94	70.02	1,725,000
Nov 04, 2021	70.45	70.93	69.93	70.76	69.84	1,514,700
Nov 03, 2021	70.20	70.61	68.94	69.83	68.92	2,142,600
Nov 02, 2021	70.09	71.16	69.76	70.41	69.49	2,320,800
Nov 01, 2021	70.34	70.55	68.88	69.97	69.06	2,173,200
Oct 29, 2021	68.88	70.22	68.71	69.96	69.05	2,027,700
Oct 28, 2021	67.40	69.01	67.38	69.00	68.11	1,959,900
Oct 27, 2021	67.02	67.94	66.67	67.46	66.59	2,015,700
Oct 26, 2021	67.44	68.10	66.68	67.16	66.29	2,506,800
Oct 25, 2021	67.15	67.26	65.96	67.17	66.30	1,920,600
Oct 22, 2021	66.45	67.31	66.44	67.24	66.37	1,868,100
Oct 21, 2021	66.31	67.32	65.55	66.29	65.43	3,852,900
Oct 20, 2021	69.56	69.93	65.58	66.39	65.53	7,260,000
Oct 19, 2021	68.00	69.62	68.00	69.62	68.72	2,814,600
Oct 18, 2021	67.61	68.17	67.28	67.83	66.95	2,098,500
Oct 15, 2021	67.14	67.81	66.78	67.67	66.80	2,285,400
Oct 14, 2021	66.37	67.07	66.30	66.88	66.01	2,102,400
Oct 13, 2021	65.89	66.28	65.05	65.81	64.95	2,364,900
Oct 12, 2021	66.14	66.30	65.40	65.83	64.97	2,246,400
Oct 11, 2021	65.53	67.50	65.42	65.89	65.04	2,607,900
Oct 08, 2021	66.00	66.38	65.51	65.80	64.95	1,607,400
Oct 07, 2021	65.33	66.36	65.33	65.97	65.11	1,875,300
Oct 06, 2021	64.66	65.30	64.10	64.88	64.04	2,847,300
Oct 05, 2021	63.19	65.19	63.09	65.09	64.24	3,162,600
Oct 04, 2021	64.49	65.11	62.91	62.99	62.17	3,202,200
Oct 01, 2021	64.71	64.92	63.55	64.58	63.74	2,394,000
Sep 30, 2021	65.03	65.78	64.31	64.34	63.51	3,187,800
Sep 29, 2021	63.98	64.80	63.64	64.66	63.82	2,622,000
Sep 28, 2021	64.61	64.78	63.13	63.65	62.83	3,929,100
Sep 27, 2021	65.55	65.55	64.84	65.26	64.41	2,689,500
Sep 24, 2021	64.97	65.71	64.80	65.59	64.74	1,987,500
Sep 23, 2021	65.14	65.58	65.09	65.19	64.35	2,237,400
Sep 22, 2021	64.58	64.90	64.02	64.83	63.99	1,983,300
Sep 21, 2021	64.15	64.24	63.74	63.97	63.14	1,474,800
Sep 20, 2021	63.22	64.04	62.84	63.66	62.83	2,307,600
Sep 17, 2021	64.95	64.97	63.67	64.30	63.47	3,790,200
Sep 16, 2021	65.33	65.49	64.85	65.14	64.30	1,229,700
Sep 15, 2021	65.20	65.71	64.83	65.28	64.43	1,404,600
Sep 14, 2021	64.86	65.52	64.86	65.18	64.34	1,394,100
Sep 13, 2021	65.55	66.00	64.32	64.77	63.93	1,642,500
Sep 10, 2021	66.21	66.26	65.32	65.35	64.50	1,701,300
Sep 09, 2021	65.95	66.63	65.84	65.98	65.12	1,561,800
Sep 08, 2021	65.43	66.21	65.43	66.14	65.11	1,234,800
Sep 07, 2021	66.56	66.56	65.02	65.49	64.46	1,704,300
Sep 03, 2021	66.02	66.56	65.94	66.18	65.14	1,472,400
Sep 02, 2021	66.17	66.31	65.35	65.97	64.94	1,798,200
Sep 01, 2021	65.53	66.13	64.86	65.99	64.95	1,725,600
Aug 31, 2021	64.88	65.40	64.66	65.26	64.24	2,385,600
Aug 30, 2021	64.79	65.23	64.53	64.70	63.69	1,186,500
Aug 27, 2021	63.74	64.50	63.74	64.49	63.48	1,078,800
Aug 26, 2021	63.77	63.94	63.32	63.72	62.73	1,275,900
Aug 25, 2021	63.64	64.03	63.35	63.88	62.88	1,111,500
Aug 24, 2021	63.79	64.00	63.58	63.62	62.62	1,103,100
Aug 23, 2021	63.10	63.87	63.10	63.51	62.52	1,534,500
Aug 20, 2021	62.85	63.26	62.43	62.89	61.91	1,599,300
Aug 19, 2021	61.50	63.16	61.14	62.67	61.69	2,176,200
Aug 18, 2021	63.40	63.40	62.25	62.30	61.32	2,421,900
Aug 17, 2021	63.91	63.95	63.16	63.33	62.34	2,241,300
Aug 16, 2021	63.77	64.09	63.34	64.06	63.05	1,177,500
Aug 13, 2021	63.40	63.82	63.33	63.66	62.67	932,700
Aug 12, 2021	63.31	63.62	62.60	63.36	62.37	1,365,600
Aug 11, 2021	63.11	63.46	62.90	63.11	62.12	1,242,600
Aug 10, 2021	62.93	63.35	62.56	62.95	61.97	1,751,400
Aug 09, 2021	62.94	63.01	62.62	62.89	61.91	1,650,900
Aug 06, 2021	63.11	63.44	62.52	62.91	61.92	1,578,300
Aug 05, 2021	63.33	63.56	62.50	62.89	61.91	2,025,300
Aug 04, 2021	62.71	63.48	62.55	63.12	62.13	2,186,700
Aug 03, 2021	63.06	63.18	62.57	62.89	61.91	1,821,300
Aug 02, 2021	62.77	62.98	62.34	62.81	61.83	1,661,100
Jul 30, 2021	62.18	62.72	61.93	62.24	61.27	1,849,200
Jul 29, 2021	61.96	62.51	61.52	62.23	61.25	1,694,700
Jul 28, 2021	61.92	62.02	61.38	61.84	60.87	1,785,000
Jul 27, 2021	61.98	62.69	61.75	61.90	60.93	1,989,300
Jul 26, 2021	62.37	62.52	61.48	62.19	61.22	2,045,700
Jul 23, 2021	62.03	62.83	61.89	62.59	61.61	2,205,900
Jul 22, 2021	62.52	62.74	61.71	61.78	60.81	3,082,500
Jul 21, 2021	60.45	62.34	60.45	62.09	61.12	3,887,700
Jul 20, 2021	59.26	60.91	58.87	60.30	59.36	3,384,000
Jul 19, 2021	59.23	59.54	58.64	59.05	58.13	2,778,000
Jul 16, 2021	59.50	60.08	59.36	59.52	58.58	2,753,100
Jul 15, 2021	59.25	59.83	59.08	59.55	58.62	1,949,100
Jul 14, 2021	59.79	59.79	58.75	59.36	58.43	2,130,900
Jul 13, 2021	60.04	60.33	59.46	59.70	58.76	2,670,900
Jul 12, 2021	58.59	60.33	58.59	59.88	58.95	3,442,800
Jul 09, 2021	58.14	58.64	58.08	58.59	57.67	1,531,500
Jul 08, 2021	58.12	58.46	57.86	58.03	57.12	1,940,100
Jul 07, 2021	59.02	59.08	58.42	58.72	57.80	2,143,800
Jul 06, 2021	59.43	59.47	58.56	58.79	57.87	2,022,900
Jul 02, 2021	58.83	59.35	58.65	59.29	58.36	2,907,000
Jul 01, 2021	59.30	59.30	58.60	58.68	57.76	3,370,500
Jun 30, 2021	58.85	58.90	58.39	58.60	57.68	3,492,300
Jun 29, 2021	59.23	59.43	58.88	58.95	58.03	1,988,700
Jun 28, 2021	59.50	59.57	58.99	59.04	58.11	2,942,400
Jun 25, 2021	59.53	59.64	59.06	59.36	58.43	2,368,500
Jun 24, 2021	59.63	59.77	59.12	59.27	58.34	2,601,600
Jun 23, 2021	59.67	59.88	59.20	59.32	58.39	2,843,400
Jun 22, 2021	59.64	59.91	59.42	59.57	58.63	1,998,600
Jun 21, 2021	58.94	59.76	58.63	59.59	58.66	3,135,600
Jun 18, 2021	59.42	59.60	58.42	58.60	57.68	5,362,800
Jun 17, 2021	59.36	60.18	58.88	59.93	58.99	3,442,800
Jun 16, 2021	58.75	59.46	58.57	59.12	58.19	2,897,100
Jun 15, 2021	58.53	59.18	58.36	58.76	57.84	1,997,400
Jun 14, 2021	57.50	58.39	57.17	58.39	57.47	2,053,200
Jun 11, 2021	56.75	57.68	56.65	57.65	56.75	2,504,100
Jun 10, 2021	56.52	56.52	56.03	56.12	55.24	1,680,900
Jun 09, 2021	56.47	56.51	56.14	56.37	55.31	1,672,800
Jun 08, 2021	56.48	56.78	56.26	56.32	55.26	1,913,100
Jun 07, 2021	56.97	57.00	56.21	56.30	55.24	1,742,700
Jun 04, 2021	56.23	56.80	55.87	56.74	55.68	1,697,700
Jun 03, 2021	55.63	56.25	55.41	56.02	54.97	2,382,300
Jun 02, 2021	55.20	55.78	55.00	55.61	54.57	2,823,600
Jun 01, 2021	56.07	56.22	54.76	54.82	53.79	1,938,300
May 28, 2021	55.72	55.95	55.37	55.82	54.77	1,406,700
May 27, 2021	55.24	55.40	54.98	55.33	54.29	2,170,500
May 26, 2021	54.89	55.46	54.88	55.15	54.11	1,362,600
May 25, 2021	55.20	55.39	54.60	54.77	53.74	1,465,200
May 24, 2021	54.78	55.34	54.78	54.97	53.94	1,210,200
May 21, 2021	54.30	54.95	54.29	54.62	53.60	4,049,400
May 20, 2021	53.84	54.84	53.75	54.49	53.46	1,246,800
May 19, 2021	53.41	53.73	53.15	53.65	52.64	1,946,400
May 18, 2021	54.70	54.84	53.96	53.98	52.97	1,572,600
May 17, 2021	54.73	54.96	54.37	54.58	53.56	1,488,000
May 14, 2021	53.90	54.98	53.79	54.79	53.76	2,094,300
May 13, 2021	52.92	53.94	52.92	53.63	52.62	1,378,800
May 12, 2021	52.96	53.47	52.24	52.79	51.79	3,357,600
May 11, 2021	53.77	53.95	53.04	53.24	52.24	2,451,600
May 10, 2021	55.25	55.60	54.48	54.51	53.49	1,867,800
May 07, 2021	54.62	54.97	54.49	54.85	53.82	1,478,400
May 06, 2021	54.68	54.68	54.04	54.53	53.50	1,845,300
May 05, 2021	54.66	54.75	54.08	54.52	53.49	2,333,700
May 04, 2021	54.17	54.55	53.27	54.51	53.49	2,964,000
May 03, 2021	54.03	54.54	53.67	54.16	53.14	1,902,900
Apr 30, 2021	53.86	54.11	53.49	53.85	52.83	1,542,900
Apr 29, 2021	53.61	54.00	53.13	53.96	52.95	1,726,800
Apr 28, 2021	53.72	53.82	52.90	53.22	52.22	1,906,500
Apr 27, 2021	53.26	53.62	52.90	53.60	52.59	1,989,600
Apr 26, 2021	54.27	54.28	53.19	53.34	52.34	1,659,300
Apr 23, 2021	53.40	54.42	53.19	54.16	53.14	2,037,900
Apr 22, 2021	53.46	54.11	53.09	53.24	52.24	1,927,500
Apr 21, 2021	53.48	54.00	52.36	53.11	52.11	3,333,300
Apr 20, 2021	52.97	53.75	52.94	53.23	52.23	3,034,800
Apr 19, 2021	53.29	53.30	52.49	52.88	51.88	2,464,200
Apr 16, 2021	53.64	53.84	53.21	53.39	52.39	3,037,800
Apr 15, 2021	52.58	53.71	52.58	53.35	52.35	1,976,100
Apr 14, 2021	52.31	52.91	52.26	52.48	51.49	1,657,200
Apr 13, 2021	52.13	52.68	51.92	52.64	51.65	1,590,300
Apr 12, 2021	52.13	52.41	51.90	52.03	51.05	1,774,200
Apr 09, 2021	51.40	52.12	51.27	52.03	51.05	1,765,800
Apr 08, 2021	50.63	51.24	50.52	51.17	50.21	2,213,100
Apr 07, 2021	50.87	50.90	50.02	50.26	49.31	2,040,900
Apr 06, 2021	50.59	50.99	50.45	50.89	49.93	1,449,000
Apr 05, 2021	50.33	50.80	50.24	50.70	49.75	2,197,500
Apr 01, 2021	49.39	50.51	49.23	50.28	49.34	1,964,400
Mar 31, 2021	49.10	49.73	49.00	49.15	48.23	2,665,800
Mar 30, 2021	50.20	50.29	49.05	49.15	48.23	2,118,600
Mar 29, 2021	49.94	50.49	49.72	50.28	49.33	1,556,100
Mar 26, 2021	48.89	50.27	48.78	50.24	49.30	1,861,200
Mar 25, 2021	49.17	49.17	48.51	48.86	47.94	2,036,100
Mar 24, 2021	49.24	49.54	48.93	49.11	48.19	1,930,200
Mar 23, 2021	48.62	49.65	48.62	49.19	48.27	3,894,900
Mar 22, 2021	48.58	49.40	48.25	49.04	48.12	3,654,600
Mar 19, 2021	48.33	48.94	47.93	48.58	47.67	6,569,100
Mar 18, 2021	48.02	48.63	47.62	48.31	47.40	5,465,700
Mar 17, 2021	48.32	48.59	47.45	48.01	47.10	5,062,800
Mar 16, 2021	48.69	49.03	48.16	48.49	47.58	2,699,400
Mar 15, 2021	48.10	48.69	47.70	48.66	47.75	1,592,700
Mar 12, 2021	48.19	48.36	47.69	48.14	47.23	1,391,400
Mar 11, 2021	48.30	48.30	47.58	48.03	47.13	2,143,500
Mar 10, 2021	49.03	49.10	48.15	48.18	47.12	2,215,800
Mar 09, 2021	48.29	49.85	48.29	48.88	47.80	3,341,700
Mar 08, 2021	48.30	49.17	47.95	48.33	47.26	5,225,100
Mar 05, 2021	46.35	48.37	46.17	48.23	47.17	3,595,800
Mar 04, 2021	45.88	46.72	45.19	46.00	44.98	3,552,300
Mar 03, 2021	46.70	46.98	45.52	45.57	44.56	1,862,700
Mar 02, 2021	47.19	47.40	46.38	46.88	45.84	1,857,900
Mar 01, 2021	46.56	47.62	46.47	47.29	46.24	2,086,500
Feb 26, 2021	46.82	46.99	45.93	46.10	45.08	2,818,200
Feb 25, 2021	47.36	47.85	46.73	46.77	45.74	1,938,300
Feb 24, 2021	46.60	47.41	46.14	47.33	46.28	1,826,700
Feb 23, 2021	47.04	47.13	46.29	46.78	45.74	2,970,300
Feb 22, 2021	47.81	47.81	46.67	47.21	46.16	2,730,300
Feb 19, 2021	48.40	48.61	48.10	48.14	47.08	2,007,600
Feb 18, 2021	48.09	48.49	47.88	48.29	47.22	2,128,800
Feb 17, 2021	47.74	48.37	47.67	48.23	47.16	2,334,900
Feb 16, 2021	47.68	48.06	47.13	48.00	46.93	2,549,700
Feb 12, 2021	47.50	47.85	47.28	47.33	46.28	1,454,700
Feb 11, 2021	47.68	47.75	47.20	47.46	46.41	1,398,000
Feb 10, 2021	48.00	48.13	47.05	47.49	46.44	1,575,300
Feb 09, 2021	47.55	47.99	47.34	47.71	46.65	1,261,800
Feb 08, 2021	47.70	47.95	47.31	47.48	46.43	1,480,200
Feb 05, 2021	47.94	48.17	47.32	47.53	46.48	2,040,300
Feb 04, 2021	47.55	48.47	47.43	47.86	46.80	2,472,300
Feb 03, 2021	47.43	47.70	47.01	47.39	46.34	2,638,200
Feb 02, 2021	46.38	47.70	46.20	47.54	46.48	2,709,300
Feb 01, 2021	45.51	46.36	45.17	46.20	45.18	2,619,900
Jan 29, 2021	46.03	46.03	44.74	45.09	44.09	3,366,900
Jan 28, 2021	47.12	47.79	46.32	46.34	45.32	2,938,200
Jan 27, 2021	46.83	47.88	45.85	47.07	46.03	4,776,300
Jan 26, 2021	47.58	47.77	46.83	47.04	46.00	2,914,500
Jan 25, 2021	46.85	47.61	46.57	47.43	46.38	2,508,300
Jan 22, 2021	47.10	47.18	46.41	46.81	45.77	3,381,000
Jan 21, 2021	48.03	48.13	46.82	47.13	46.09	2,078,100
Jan 20, 2021	47.79	48.10	47.17	47.89	46.83	3,801,000
Jan 19, 2021	47.40	47.67	46.75	47.42	46.37	2,688,600
Jan 15, 2021	47.15	47.51	46.46	46.68	45.65	8,262,600
Jan 14, 2021	47.74	47.76	46.93	47.38	46.33	2,877,300
Jan 13, 2021	47.36	47.83	47.33	47.50	46.45	4,243,500
Jan 12, 2021	47.00	47.56	46.95	47.31	46.26	2,839,500
Jan 11, 2021	46.07	47.29	46.00	46.97	45.93	3,387,600
Jan 08, 2021	45.14	46.38	45.14	46.27	45.25	2,361,300
Jan 07, 2021	44.98	45.63	44.89	45.60	44.59	2,645,100
Jan 06, 2021	44.12	45.50	43.97	45.13	44.13	3,068,400
Jan 05, 2021	44.10	44.35	43.85	43.99	43.02	3,305,400
Jan 04, 2021	44.58	44.64	43.57	44.00	43.03	4,331,400
Dec 31, 2020	43.33	44.29	43.16	44.25	43.27	1,533,900
Dec 30, 2020	43.26	43.51	43.15	43.38	42.42	1,199,100
Dec 29, 2020	43.22	43.29	42.97	43.05	42.09	910,800
Dec 28, 2020	43.03	43.07	42.64	42.95	42.00	1,376,100
Dec 24, 2020	42.66	42.91	42.53	42.87	41.92	575,400
Dec 23, 2020	43.50	43.58	42.65	42.65	41.71	1,479,300
Dec 22, 2020	42.34	43.46	42.25	43.30	42.34	3,123,300
Dec 21, 2020	42.61	42.86	41.43	42.68	41.74	3,337,200
Dec 18, 2020	42.73	43.21	42.65	42.87	41.92	5,128,200
Dec 17, 2020	42.61	43.16	42.43	42.83	41.89	3,153,900
Dec 16, 2020	42.63	42.77	42.24	42.37	41.43	3,331,200
Dec 15, 2020	41.60	42.79	41.55	42.43	41.49	2,555,100
Dec 14, 2020	42.24	42.70	41.30	41.35	40.43	1,921,800
Dec 11, 2020	41.52	41.99	41.34	41.89	40.96	1,651,800
Dec 10, 2020	41.92	42.12	41.54	41.66	40.74	2,107,200
Dec 09, 2020	42.96	43.22	41.36	42.03	41.10	2,914,500
Dec 08, 2020	42.83	43.07	42.43	42.88	41.93	1,864,200
Dec 07, 2020	41.82	42.99	41.82	42.85	41.91	5,088,300
Dec 04, 2020	41.62	42.33	41.56	41.77	40.84	2,550,300
Dec 03, 2020	42.29	42.35	41.09	41.63	40.71	5,597,100
Dec 02, 2020	43.24	43.33	42.75	43.12	42.01	1,707,900
Dec 01, 2020	42.44	43.47	42.44	43.30	42.18	2,190,600
Nov 30, 2020	42.34	42.76	42.14	42.66	41.56	3,112,800
Nov 27, 2020	42.32	42.50	42.09	42.37	41.28	1,552,800
Nov 25, 2020	42.40	42.73	42.35	42.44	41.35	2,235,600
Nov 24, 2020	42.04	42.57	42.02	42.42	41.33	2,742,300
Nov 23, 2020	42.27	42.49	41.61	42.00	40.92	2,125,500
Nov 20, 2020	41.73	42.46	41.55	42.11	41.02	2,837,700
Nov 19, 2020	41.37	42.23	40.95	41.59	40.51	3,334,800
Nov 18, 2020	41.34	41.39	40.74	40.91	39.85	3,003,900
Nov 17, 2020	41.96	42.02	41.22	41.44	40.37	2,975,400
Nov 16, 2020	42.19	42.19	41.38	41.84	40.76	3,278,400
Nov 13, 2020	42.48	42.74	41.77	41.94	40.86	2,319,900
Nov 12, 2020	43.42	43.43	42.15	42.28	41.19	1,894,500
Nov 11, 2020	42.53	43.77	42.51	43.26	42.15	1,977,000
Nov 10, 2020	43.09	43.33	42.02	42.38	41.28	3,720,000
Nov 09, 2020	46.50	46.50	43.08	43.23	42.11	3,042,300
Nov 06, 2020	44.41	44.66	43.94	44.40	43.25	1,799,400
Nov 05, 2020	43.19	44.62	43.19	44.40	43.26	2,536,200
Nov 04, 2020	42.01	43.84	42.01	43.10	41.99	2,060,100
Nov 03, 2020	41.69	42.32	41.39	41.64	40.56	1,291,500
Nov 02, 2020	40.82	41.63	40.75	41.06	40.00	1,591,200
Oct 30, 2020	40.35	40.99	39.92	40.33	39.29	2,461,200
Oct 29, 2020	40.58	41.23	40.25	40.67	39.62	1,812,300
Oct 28, 2020	41.25	41.46	40.34	40.58	39.53	1,816,200
Oct 27, 2020	42.58	42.77	41.69	41.70	40.62	1,598,700
Oct 26, 2020	42.59	42.79	42.19	42.46	41.36	1,881,300
Oct 23, 2020	43.52	43.52	42.48	43.04	41.93	1,736,100
Oct 22, 2020	44.39	44.39	43.33	43.36	42.24	1,806,900
Oct 21, 2020	43.49	44.68	42.67	44.12	42.98	3,317,700
Oct 20, 2020	42.50	43.69	42.50	43.00	41.89	2,653,200
Oct 19, 2020	43.24	43.37	42.46	42.49	41.40	2,660,400
Oct 16, 2020	42.89	43.30	42.63	42.96	41.85	2,182,500
Oct 15, 2020	42.17	42.81	42.05	42.80	41.70	1,230,300
Oct 14, 2020	42.43	42.76	42.34	42.55	41.45	1,686,300
Oct 13, 2020	42.29	42.31	41.78	42.13	41.04	1,880,400
Oct 12, 2020	41.94	42.44	41.75	42.13	41.04	1,269,600
Oct 09, 2020	42.01	42.12	41.57	41.69	40.61	1,227,900
Oct 08, 2020	41.25	41.63	41.11	41.53	40.46	1,889,400
Oct 07, 2020	41.13	41.60	40.73	40.99	39.93	2,611,200
Oct 06, 2020	41.66	41.93	41.03	41.19	40.13	2,298,600
Oct 05, 2020	41.40	41.66	40.90	41.62	40.55	1,952,100
Oct 02, 2020	40.89	41.56	40.75	41.18	40.12	2,144,100
Oct 01, 2020	41.31	41.52	40.96	41.31	40.24	3,351,900
Sep 30, 2020	40.69	41.47	40.43	40.90	39.85	5,927,400
Sep 29, 2020	41.77	42.12	39.34	40.46	39.41	7,978,200
Sep 28, 2020	41.95	42.11	41.33	41.79	40.71	2,515,500
Sep 25, 2020	40.38	41.37	40.23	41.34	40.28	1,575,300
Sep 24, 2020	39.86	40.76	39.75	40.43	39.39	1,758,300
Sep 23, 2020	41.24	41.24	39.87	39.91	38.88	1,797,600
Sep 22, 2020	40.70	41.12	40.09	41.11	40.04	2,466,300
Sep 21, 2020	40.10	40.94	39.90	40.68	39.63	2,729,700
Sep 18, 2020	41.67	41.83	40.60	40.82	39.76	3,721,500
Sep 17, 2020	41.81	41.81	41.20	41.48	40.41	2,608,800
Sep 16, 2020	42.70	43.29	42.38	42.43	41.34	1,626,000
Sep 15, 2020	42.67	42.96	42.43	42.72	41.62	1,122,300
Sep 14, 2020	42.08	42.72	42.08	42.33	41.24	2,388,000
Sep 11, 2020	42.03	42.27	41.58	41.90	40.82	1,655,700
Sep 10, 2020	43.02	43.02	41.57	41.64	40.56	2,424,600
Sep 09, 2020	42.74	43.31	42.34	43.06	41.79	1,963,800
Sep 08, 2020	42.94	43.16	42.06	42.15	40.90	2,942,100
Sep 04, 2020	44.70	44.71	42.87	43.43	42.15	2,228,400
Sep 03, 2020	45.94	45.94	43.96	44.42	43.11	2,527,200
Sep 02, 2020	45.11	45.98	45.00	45.76	44.41	2,283,300
Sep 01, 2020	44.88	44.95	44.43	44.94	43.61	1,526,100
Aug 31, 2020	44.18	45.04	44.04	44.81	43.48	4,145,100
Aug 28, 2020	44.21	44.21	43.81	43.95	42.65	1,284,300
Aug 27, 2020	44.35	44.43	43.94	43.95	42.65	1,525,800
Aug 26, 2020	43.47	44.53	43.40	44.18	42.88	1,937,400
Aug 25, 2020	43.88	44.01	43.25	43.37	42.09	1,490,400
Aug 24, 2020	43.43	43.90	43.23	43.86	42.56	2,077,200
Aug 21, 2020	43.46	43.55	43.08	43.31	42.03	1,439,700
Aug 20, 2020	43.15	43.82	43.15	43.49	42.20	1,553,700
Aug 19, 2020	43.61	43.67	43.10	43.29	42.01	1,757,400
Aug 18, 2020	43.43	43.60	43.11	43.35	42.07	1,734,300
Aug 17, 2020	43.13	43.60	43.00	43.44	42.15	2,517,300
Aug 14, 2020	43.36	43.54	42.90	43.08	41.81	2,035,200
Aug 13, 2020	43.34	43.59	43.02	43.43	42.14	2,781,000
Aug 12, 2020	43.72	44.35	43.41	43.47	42.19	3,167,700
Aug 11, 2020	44.00	44.10	43.37	43.49	42.21	1,763,100
Aug 10, 2020	44.50	44.50	43.52	43.84	42.55	2,223,000
Aug 07, 2020	43.28	44.29	43.20	44.29	42.98	2,182,500
Aug 06, 2020	43.26	43.75	43.17	43.57	42.28	1,766,700
Aug 05, 2020	43.43	43.49	43.01	43.45	42.17	1,741,800
Aug 04, 2020	43.51	43.59	42.93	43.23	41.96	1,403,100
Aug 03, 2020	43.95	44.13	43.32	43.45	42.17	1,526,700
Jul 31, 2020	43.57	43.78	43.00	43.77	42.48	1,835,700
Jul 30, 2020	43.20	43.46	42.89	43.30	42.02	1,657,200
Jul 29, 2020	42.92	43.85	42.84	43.67	42.38	2,375,700
Jul 28, 2020	43.19	43.32	42.47	42.72	41.46	2,113,800
Jul 27, 2020	43.56	43.73	43.37	43.51	42.23	2,857,500
Jul 24, 2020	43.76	43.80	43.02	43.52	42.23	2,696,100
Jul 23, 2020	44.73	45.17	43.67	43.80	42.51	2,814,300
Jul 22, 2020	44.34	45.11	43.85	44.70	43.38	3,693,600
Jul 21, 2020	43.56	43.95	43.16	43.67	42.38	2,799,900
Jul 20, 2020	42.78	43.89	42.77	43.77	42.47	2,370,300
Jul 17, 2020	42.57	43.05	42.41	42.81	41.55	2,245,800
Jul 16, 2020	42.18	42.42	42.00	42.34	41.09	924,300
Jul 15, 2020	42.00	42.45	41.69	42.28	41.03	1,603,200
Jul 14, 2020	41.00	41.60	40.99	41.60	40.37	1,300,800
Jul 13, 2020	41.34	42.07	40.98	41.00	39.79	1,859,400
Jul 10, 2020	40.43	41.00	40.06	40.96	39.75	1,406,400
Jul 09, 2020	40.76	40.83	39.74	40.27	39.08	1,691,700
Jul 08, 2020	40.32	40.76	40.15	40.57	39.37	2,049,000
Jul 07, 2020	40.09	40.60	39.92	40.16	38.97	1,391,400
Jul 06, 2020	40.50	40.83	40.18	40.36	39.17	1,436,400
Jul 02, 2020	40.86	41.04	40.00	40.02	38.84	2,269,800
Jul 01, 2020	39.87	40.54	39.61	40.25	39.06	1,809,000
Jun 30, 2020	38.94	39.99	38.82	39.82	38.65	1,887,900
Jun 29, 2020	39.13	39.23	38.73	39.18	38.03	2,247,300
Jun 26, 2020	39.37	39.45	38.47	38.61	37.47	3,161,100
Jun 25, 2020	38.33	39.66	38.22	39.56	38.40	1,664,700
Jun 24, 2020	39.41	39.44	38.36	38.43	37.29	1,880,100
Jun 23, 2020	40.07	40.29	39.43	39.53	38.37	2,118,000
Jun 22, 2020	39.71	40.15	39.38	39.90	38.73	1,519,200
Jun 19, 2020	40.09	40.72	39.47	39.61	38.44	2,968,800
Jun 18, 2020	39.25	39.80	38.90	39.76	38.59	2,304,000
Jun 17, 2020	39.69	39.89	39.30	39.38	38.21	1,779,600
Jun 16, 2020	39.56	40.00	38.70	39.51	38.34	2,267,700
Jun 15, 2020	37.51	39.45	37.41	39.12	37.97	2,343,600
Jun 12, 2020	38.49	38.63	37.71	38.38	37.25	2,116,500
Jun 11, 2020	39.50	39.62	37.57	37.75	36.64	2,598,900
Jun 10, 2020	39.86	40.28	39.79	40.00	38.66	1,539,300
Jun 09, 2020	40.12	40.39	39.72	40.03	38.69	2,477,700
Jun 08, 2020	39.79	40.54	39.76	40.43	39.08	2,877,600
Jun 05, 2020	39.85	40.08	38.44	39.97	38.63	3,228,300
Jun 04, 2020	39.70	39.79	38.81	39.31	37.99	1,803,600
Jun 03, 2020	39.99	40.24	39.45	39.78	38.45	2,108,400
Jun 02, 2020	39.75	39.93	39.43	39.75	38.42	1,557,600
Jun 01, 2020	39.77	39.96	39.08	39.63	38.30	2,788,500
May 29, 2020	38.77	39.61	38.57	39.49	38.16	2,495,100
May 28, 2020	38.78	39.22	38.52	38.79	37.49	2,142,900
May 27, 2020	39.26	39.33	38.07	38.40	37.11	2,537,700
May 26, 2020	39.47	39.76	38.68	38.76	37.46	1,835,700
May 22, 2020	38.03	38.60	37.94	38.45	37.16	1,321,800
May 21, 2020	37.95	38.23	37.67	38.00	36.72	2,166,000
May 20, 2020	37.66	38.54	37.66	38.24	36.96	1,594,800
May 19, 2020	38.07	38.66	37.47	37.54	36.29	1,923,900
May 18, 2020	38.31	38.64	37.95	38.31	37.03	2,595,900
May 15, 2020	36.60	37.42	36.22	37.36	36.11	6,235,500
May 14, 2020	35.78	36.56	35.75	36.49	35.27	2,379,600
May 13, 2020	36.17	36.77	35.82	36.30	35.08	2,783,100
May 12, 2020	36.67	36.83	36.07	36.17	34.96	3,211,200
May 11, 2020	35.33	36.65	35.28	36.41	35.19	2,049,900
May 08, 2020	36.40	36.43	35.69	35.86	34.66	2,685,300
May 07, 2020	35.58	36.41	35.48	35.78	34.58	1,900,800
May 06, 2020	36.59	36.59	35.20	35.21	34.03	2,130,600
May 05, 2020	35.85	36.49	35.31	36.28	35.06	2,899,500
May 04, 2020	35.27	35.54	34.79	35.38	34.19	2,168,100
May 01, 2020	35.67	35.85	35.28	35.54	34.35	2,192,100
Apr 30, 2020	36.25	37.05	36.11	36.56	35.33	2,081,400
Apr 29, 2020	37.58	37.74	37.07	37.20	35.95	2,481,000
Apr 28, 2020	37.84	38.14	36.88	37.07	35.83	3,018,600
Apr 27, 2020	35.70	37.30	35.67	37.21	35.96	2,767,800
Apr 24, 2020	34.92	35.25	34.32	35.21	34.03	2,530,800
Apr 23, 2020	35.66	35.66	34.27	34.62	33.46	2,715,300
Apr 22, 2020	36.17	36.17	34.27	34.88	33.71	4,088,100
Apr 21, 2020	35.91	36.29	34.92	35.09	33.91	2,905,200
Apr 20, 2020	36.59	36.96	36.25	36.59	35.37	2,768,400
Apr 17, 2020	37.03	37.30	36.46	37.08	35.84	2,321,400
Apr 16, 2020	35.63	36.31	35.50	36.10	34.89	2,168,100
Apr 15, 2020	35.37	36.04	34.87	35.33	34.15	2,489,700
Apr 14, 2020	35.22	35.96	34.76	35.85	34.65	4,153,200
Apr 13, 2020	35.10	35.66	34.22	34.43	33.28	2,416,800
Apr 09, 2020	34.93	36.20	34.93	35.97	34.77	2,221,800
Apr 08, 2020	33.84	34.94	33.74	34.71	33.55	2,234,700
Apr 07, 2020	34.91	35.70	33.41	33.65	32.52	3,376,500
Apr 06, 2020	33.30	34.09	32.69	33.86	32.73	2,750,400
Apr 03, 2020	31.51	31.97	31.19	31.74	30.68	2,555,700
Apr 02, 2020	30.68	31.48	30.11	31.32	30.27	3,711,300
Apr 01, 2020	30.04	31.10	30.00	30.76	29.73	3,176,400
Mar 31, 2020	33.17	33.47	31.53	31.65	30.59	4,547,100
Mar 30, 2020	31.34	33.28	30.94	33.15	32.04	4,312,200
Mar 27, 2020	30.01	31.81	29.76	30.93	29.89	3,381,900
Mar 26, 2020	29.35	32.03	29.35	31.27	30.23	5,097,900
Mar 25, 2020	27.66	30.34	27.43	28.99	28.02	5,907,300
Mar 24, 2020	25.64	27.73	25.46	27.66	26.74	5,926,200
Mar 23, 2020	26.86	26.86	23.89	24.29	23.47	5,381,700
Mar 20, 2020	29.94	29.94	26.56	26.83	25.93	6,484,500
Mar 19, 2020	30.59	30.87	28.51	29.33	28.35	5,260,500
Mar 18, 2020	30.15	31.83	29.72	30.52	29.50	6,797,400
Mar 17, 2020	29.16	31.96	29.00	31.68	30.62	6,676,200
Mar 16, 2020	29.00	30.93	27.78	28.44	27.48	4,251,600
Mar 13, 2020	31.05	32.12	28.57	32.02	30.94	5,042,700
Mar 12, 2020	30.48	31.11	29.43	29.54	28.55	5,299,800
Mar 11, 2020	33.95	33.99	32.60	33.11	31.85	5,482,200
Mar 10, 2020	36.11	36.26	34.07	34.90	33.57	5,967,000
Mar 09, 2020	34.24	36.14	34.15	35.24	33.90	4,302,600
Mar 06, 2020	36.96	37.43	35.89	36.83	35.43	3,780,000
Mar 05, 2020	37.52	38.20	37.20	38.03	36.59	4,935,300
Mar 04, 2020	37.39	38.85	36.83	38.79	37.31	3,619,500
Mar 03, 2020	36.91	38.02	36.38	36.69	35.29	3,951,600
Mar 02, 2020	34.33	36.78	34.33	36.71	35.31	3,792,300
Feb 28, 2020	35.08	35.15	33.49	34.18	32.88	6,843,000
Feb 27, 2020	37.33	37.50	35.77	35.82	34.45	4,027,500
Feb 26, 2020	37.49	38.22	37.49	37.67	36.24	2,844,300
Feb 25, 2020	38.30	38.44	37.28	37.47	36.04	2,890,800
Feb 24, 2020	37.61	38.47	37.46	38.25	36.79	3,653,400
Feb 21, 2020	38.08	38.48	38.00	38.39	36.93	7,581,600
Feb 20, 2020	38.52	38.60	37.77	38.16	36.71	2,076,900
Feb 19, 2020	38.66	39.11	38.40	38.42	36.96	2,179,200
Feb 18, 2020	37.83	38.72	37.71	38.56	37.09	3,255,300
Feb 14, 2020	38.21	38.75	38.21	38.73	37.26	1,591,200
Feb 13, 2020	38.06	38.30	37.98	38.13	36.68	1,229,400
Feb 12, 2020	38.30	38.35	37.65	38.02	36.57	1,747,800
Feb 11, 2020	38.57	38.89	38.23	38.27	36.81	1,389,000
Feb 10, 2020	38.04	38.62	38.00	38.58	37.11	2,823,900
Feb 07, 2020	38.66	38.77	38.08	38.11	36.66	2,878,200
Feb 06, 2020	39.07	39.08	38.51	38.62	37.15	2,731,800
Feb 05, 2020	39.75	39.75	38.63	38.82	37.35	3,060,600
Feb 04, 2020	39.65	40.08	39.49	39.56	38.05	2,600,100
Feb 03, 2020	39.09	39.63	39.01	39.26	37.77	2,156,400
Jan 31, 2020	38.62	38.93	38.52	38.82	37.34	2,736,900
Jan 30, 2020	38.42	38.71	37.80	38.65	37.18	2,971,200
Jan 29, 2020	37.38	38.59	36.59	38.45	36.98	3,825,300
Jan 28, 2020	36.61	37.20	36.60	37.05	35.64	3,175,800
Jan 27, 2020	36.38	36.76	36.33	36.59	35.20	2,938,800
Jan 24, 2020	36.55	36.76	36.41	36.74	35.34	2,087,700
Jan 23, 2020	36.35	36.56	36.16	36.54	35.15	1,449,600
Jan 22, 2020	36.46	36.48	36.07	36.38	35.00	1,757,700
Jan 21, 2020	36.37	36.72	36.32	36.42	35.03	2,201,400
Jan 17, 2020	36.15	36.46	36.01	36.44	35.05	2,372,400
Jan 16, 2020	36.19	36.21	35.93	36.10	34.73	3,255,900
Jan 15, 2020	35.47	36.07	35.47	35.95	34.58	1,869,600
Jan 14, 2020	35.75	35.75	35.44	35.52	34.16	2,115,600
Jan 13, 2020	35.67	35.84	35.61	35.70	34.34	1,184,400
Jan 10, 2020	35.92	35.95	35.59	35.61	34.26	1,281,900
Jan 09, 2020	35.42	35.96	35.33	35.78	34.42	1,590,000
Jan 08, 2020	35.50	35.65	35.08	35.28	33.93	3,501,000
Jan 07, 2020	36.00	36.09	35.46	35.47	34.12	1,673,100
Jan 06, 2020	35.93	36.09	35.63	36.07	34.70	2,155,200
Jan 03, 2020	35.66	36.16	35.58	36.09	34.72	2,164,800
Jan 02, 2020	35.75	35.99	35.72	35.94	34.57	1,923,900
Dec 31, 2019	35.68	35.85	35.55	35.70	34.34	926,400
Dec 30, 2019	36.04	36.04	35.61	35.67	34.32	1,137,900
Dec 27, 2019	35.97	36.09	35.85	36.00	34.63	1,396,500
Dec 26, 2019	35.59	35.93	35.59	35.93	34.56	723,600
Dec 24, 2019	35.69	35.81	35.47	35.56	34.21	917,100
Dec 23, 2019	35.88	35.97	35.68	35.72	34.36	1,544,400
Dec 20, 2019	35.91	36.00	35.59	35.87	34.50	2,583,600
Dec 19, 2019	35.45	35.79	35.37	35.67	34.32	2,531,100
Dec 18, 2019	35.42	35.54	35.22	35.31	33.96	1,338,300
Dec 17, 2019	35.19	35.43	34.96	35.33	33.99	2,101,500
Dec 16, 2019	35.06	35.57	35.02	35.07	33.73	2,221,800
Dec 13, 2019	34.62	34.85	34.49	34.83	33.50	1,493,700
Dec 12, 2019	34.53	34.83	34.40	34.71	33.39	1,253,100
Dec 11, 2019	34.84	34.99	34.60	34.63	33.16	1,740,300
Dec 10, 2019	34.85	34.92	34.76	34.87	33.39	2,181,000
Dec 09, 2019	35.00	35.04	34.79	34.88	33.40	1,455,300
Dec 06, 2019	35.01	35.21	34.90	35.08	33.59	1,805,100
Dec 05, 2019	35.12	35.13	34.80	34.89	33.41	1,796,400
Dec 04, 2019	34.84	35.21	34.77	35.07	33.58	1,812,000
Dec 03, 2019	34.65	35.00	34.65	34.83	33.35	1,662,600
Dec 02, 2019	34.89	34.92	34.59	34.82	33.34	1,657,500
Nov 29, 2019	34.67	34.96	34.58	34.93	33.45	794,100
Nov 27, 2019	35.18	35.18	34.60	34.75	33.28	4,970,100
Nov 26, 2019	34.94	35.06	34.79	34.94	33.46	1,605,000
Nov 25, 2019	34.93	35.01	34.72	34.88	33.40	2,301,900
Nov 22, 2019	34.85	35.01	34.47	34.79	33.31	2,136,300
Nov 21, 2019	35.32	35.41	34.82	34.91	33.43	2,324,700
Nov 20, 2019	34.99	35.27	34.93	35.23	33.74	2,091,300
Nov 19, 2019	34.93	35.08	34.59	35.02	33.54	2,664,600
Nov 18, 2019	34.59	34.89	34.51	34.87	33.39	2,916,600
Nov 15, 2019	34.37	34.72	34.28	34.53	33.07	7,791,600
Nov 14, 2019	34.42	34.44	34.13	34.42	32.96	2,413,800
Nov 13, 2019	34.02	34.58	33.75	34.42	32.96	2,417,100
Nov 12, 2019	34.21	34.21	33.77	34.15	32.70	2,428,200
Nov 11, 2019	33.46	34.19	33.41	34.18	32.73	2,475,900
Nov 08, 2019	33.44	33.75	33.39	33.55	32.13	2,759,100
Nov 07, 2019	33.48	33.56	33.05	33.51	32.09	2,877,900
Nov 06, 2019	32.72	33.36	32.66	33.31	31.89	2,034,600
Nov 05, 2019	32.97	33.02	32.63	32.81	31.42	1,554,900
Nov 04, 2019	33.24	33.26	32.84	32.86	31.47	1,659,600
Nov 01, 2019	33.49	33.49	32.89	33.08	31.67	1,630,800
Oct 31, 2019	33.25	33.41	32.99	33.26	31.85	1,620,600
Oct 30, 2019	32.90	33.46	32.71	33.35	31.94	1,435,500
Oct 29, 2019	32.80	33.40	32.71	32.88	31.49	1,338,600
Oct 28, 2019	32.89	33.03	32.72	32.91	31.51	1,869,600
Oct 25, 2019	33.30	33.50	32.47	32.81	31.42	3,066,000
Oct 24, 2019	34.00	34.00	33.42	33.66	32.24	2,118,900
Oct 23, 2019	33.24	33.85	32.73	33.77	32.34	4,095,300
Oct 22, 2019	32.69	32.93	32.21	32.62	31.24	3,185,100
Oct 21, 2019	33.08	33.08	32.53	32.72	31.33	1,975,500
Oct 18, 2019	32.79	33.02	32.55	32.87	31.48	2,030,700
Oct 17, 2019	32.68	32.82	32.56	32.78	31.39	3,306,000
Oct 16, 2019	32.54	32.75	32.14	32.69	31.30	2,901,900
Oct 15, 2019	32.86	33.01	32.59	32.64	31.26	1,523,100
Oct 14, 2019	33.13	33.22	32.75	32.78	31.39	1,395,900
Oct 11, 2019	33.25	33.28	32.75	33.10	31.70	2,284,800
Oct 10, 2019	32.46	32.97	32.34	32.85	31.46	1,544,100
Oct 09, 2019	32.66	32.75	32.30	32.44	31.07	1,741,500
Oct 08, 2019	32.88	32.88	32.29	32.36	30.99	2,190,300
Oct 07, 2019	32.97	33.29	32.68	33.00	31.60	1,974,000
Oct 04, 2019	32.46	33.11	32.46	33.08	31.67	1,627,200
Oct 03, 2019	31.84	32.39	31.77	32.38	31.01	1,339,800
Oct 02, 2019	32.62	32.65	31.88	31.91	30.56	2,569,800
Oct 01, 2019	33.10	33.11	32.68	32.86	31.47	1,701,300
Sep 30, 2019	33.41	33.48	33.05	33.12	31.71	1,903,500
Sep 27, 2019	34.19	34.27	33.25	33.36	31.94	1,929,300
Sep 26, 2019	34.13	34.13	33.65	33.94	32.50	1,329,000
Sep 25, 2019	33.94	34.35	33.71	34.25	32.80	3,421,800
Sep 24, 2019	33.77	34.17	33.54	33.79	32.36	3,150,600
Sep 23, 2019	33.54	33.90	33.35	33.42	32.00	2,292,300
Sep 20, 2019	33.97	33.99	33.53	33.56	32.14	1,860,600
Sep 19, 2019	34.16	34.44	33.72	33.89	32.46	1,222,800
Sep 18, 2019	34.41	34.43	33.76	34.21	32.76	1,408,800
Sep 17, 2019	33.30	34.34	33.09	34.24	32.79	3,309,600
Sep 16, 2019	33.12	33.51	32.82	33.09	31.69	1,896,000
Sep 13, 2019	33.23	33.30	32.58	33.17	31.77	1,708,500
Sep 12, 2019	32.76	33.34	32.76	33.00	31.60	1,464,300
Sep 11, 2019	32.69	32.87	32.24	32.73	31.19	2,520,900
Sep 10, 2019	34.30	34.30	32.52	32.72	31.18	2,342,100
Sep 09, 2019	34.93	35.09	34.22	34.28	32.67	1,612,200
Sep 06, 2019	34.12	34.81	34.05	34.75	33.12	2,254,800
Sep 05, 2019	33.57	34.04	33.41	34.01	32.41	1,826,700
Sep 04, 2019	33.34	33.39	33.05	33.30	31.74	1,215,000
Sep 03, 2019	33.28	33.37	33.01	33.18	31.62	1,091,700
Aug 30, 2019	33.34	33.46	33.13	33.28	31.72	1,155,600
Aug 29, 2019	33.21	33.28	32.85	33.26	31.69	1,016,400
Aug 28, 2019	32.67	32.86	32.43	32.84	31.30	941,100
Aug 27, 2019	33.13	33.13	32.61	32.76	31.22	1,482,300
Aug 26, 2019	32.75	32.90	32.49	32.89	31.34	1,794,600
Aug 23, 2019	33.23	33.48	32.33	32.51	30.98	2,044,200
Aug 22, 2019	33.21	33.47	33.06	33.38	31.81	1,258,800
Aug 21, 2019	33.17	33.17	32.87	33.11	31.55	1,225,500
Aug 20, 2019	33.00	33.23	32.82	32.97	31.42	1,669,800
Aug 19, 2019	32.80	33.23	32.72	33.14	31.58	1,864,500
Aug 16, 2019	32.46	32.66	32.31	32.51	30.98	1,757,700
Aug 15, 2019	31.82	32.45	31.79	32.33	30.81	1,397,700
Aug 14, 2019	32.13	32.50	31.75	31.77	30.28	1,681,500
Aug 13, 2019	32.09	32.83	32.03	32.64	31.11	1,719,600
Aug 12, 2019	32.64	32.72	32.19	32.19	30.68	1,495,500
Aug 09, 2019	32.64	32.99	32.47	32.85	31.30	1,760,700
Aug 08, 2019	32.26	32.79	32.02	32.75	31.21	2,227,800
Aug 07, 2019	31.63	32.16	31.15	32.04	30.53	2,835,000
Aug 06, 2019	31.67	32.05	31.40	31.95	30.45	2,297,700
Aug 05, 2019	32.44	32.44	31.32	31.45	29.98	3,218,100
Aug 02, 2019	32.57	32.82	32.32	32.65	31.12	2,325,300
Aug 01, 2019	32.07	32.75	32.07	32.55	31.02	2,958,600
Jul 31, 2019	32.33	32.35	31.95	32.12	30.61	1,777,200
Jul 30, 2019	32.11	32.36	31.99	32.27	30.75	1,761,900
Jul 29, 2019	32.70	32.74	32.14	32.22	30.71	1,799,100
Jul 26, 2019	32.60	32.80	32.46	32.69	31.15	2,322,000
Jul 25, 2019	32.74	32.94	32.48	32.54	31.01	3,441,900
Jul 24, 2019	33.33	33.41	32.09	32.74	31.20	6,511,500
Jul 23, 2019	33.94	34.19	33.48	33.62	32.04	3,523,800
Jul 22, 2019	33.50	34.13	33.08	33.93	32.33	2,190,600
Jul 19, 2019	34.38	34.46	33.89	33.91	32.32	1,994,400
Jul 18, 2019	34.17	34.45	34.07	34.38	32.76	2,119,200
Jul 17, 2019	34.42	34.52	34.17	34.21	32.61	2,410,200
Jul 16, 2019	34.82	34.90	34.43	34.43	32.81	1,993,200
Jul 15, 2019	34.79	34.82	34.53	34.74	33.11	1,562,100
Jul 12, 2019	34.74	34.87	34.58	34.76	33.13	1,597,500
Jul 11, 2019	34.35	34.71	34.20	34.67	33.04	2,324,100
Jul 10, 2019	34.06	34.53	34.06	34.34	32.73	2,719,200
Jul 09, 2019	33.52	33.89	33.46	33.87	32.28	1,375,800
Jul 08, 2019	33.64	33.77	33.46	33.61	32.03	2,519,100
Jul 05, 2019	33.76	33.81	33.37	33.68	32.10	2,306,100
Jul 03, 2019	33.08	33.88	33.07	33.81	32.22	3,542,700
Jul 02, 2019	32.48	33.30	32.34	33.22	31.66	4,200,300
Jul 01, 2019	32.35	32.48	32.14	32.38	30.86	3,095,100
Jun 28, 2019	32.03	32.26	32.00	32.06	30.55	2,712,900
Jun 27, 2019	31.72	32.17	31.72	32.06	30.55	1,739,700
Jun 26, 2019	32.67	32.69	31.48	31.54	30.05	4,100,700
Jun 25, 2019	32.36	32.72	32.21	32.67	31.13	2,331,900
Jun 24, 2019	32.73	32.86	32.10	32.29	30.77	1,996,200
Jun 21, 2019	32.56	32.91	32.49	32.76	31.22	2,933,400
Jun 20, 2019	32.33	32.63	32.18	32.58	31.05	1,350,600
Jun 19, 2019	31.96	32.32	31.81	32.17	30.66	1,284,000
Jun 18, 2019	31.81	32.11	31.75	31.97	30.47	1,551,600
Jun 17, 2019	31.98	32.07	31.69	31.72	30.23	1,301,700
Jun 14, 2019	31.87	32.00	31.67	31.90	30.40	1,173,900
Jun 13, 2019	31.77	31.84	31.43	31.81	30.32	1,435,200
Jun 12, 2019	31.65	31.90	31.59	31.82	30.17	1,592,100
Jun 11, 2019	32.42	32.49	31.71	31.75	30.11	1,318,800
Jun 10, 2019	32.20	32.37	32.08	32.22	30.56	1,300,500
Jun 07, 2019	32.02	32.32	31.85	32.05	30.40	1,822,500
Jun 06, 2019	32.08	32.11	31.78	31.96	30.31	1,803,300
Jun 05, 2019	31.01	32.11	30.99	32.06	30.40	2,928,900
Jun 04, 2019	30.50	30.98	30.34	30.92	29.32	1,950,300
Jun 03, 2019	30.20	30.49	30.06	30.24	28.67	1,915,800
May 31, 2019	30.11	30.33	29.91	30.21	28.65	1,623,600
May 30, 2019	30.20	30.50	30.10	30.22	28.65	1,417,500
May 29, 2019	30.01	30.15	29.87	30.11	28.56	1,525,500
May 28, 2019	30.04	30.42	29.99	29.99	28.44	2,014,500
May 24, 2019	30.14	30.30	29.94	30.01	28.46	983,100
May 23, 2019	29.82	30.16	29.73	30.01	28.46	1,627,500
May 22, 2019	30.27	30.35	30.02	30.12	28.56	1,775,100
May 21, 2019	30.29	30.50	30.29	30.43	28.85	1,659,300
May 20, 2019	30.00	30.15	29.93	30.09	28.53	1,247,700
May 17, 2019	30.23	30.35	30.06	30.10	28.54	2,468,400
May 16, 2019	30.29	30.40	30.05	30.31	28.74	1,780,200
May 15, 2019	30.23	30.51	30.09	30.25	28.69	1,195,500
May 14, 2019	30.38	30.73	30.36	30.39	28.82	1,772,100
May 13, 2019	30.44	30.44	30.07	30.30	28.73	1,851,000
May 10, 2019	30.29	30.87	30.13	30.84	29.24	1,781,100
May 09, 2019	30.05	30.46	29.86	30.39	28.82	1,200,600
May 08, 2019	30.27	30.52	30.19	30.33	28.76	1,101,600
May 07, 2019	30.70	30.83	30.15	30.30	28.73	1,366,200
May 06, 2019	30.57	30.97	30.35	30.91	29.31	1,173,300
May 03, 2019	30.87	30.98	30.68	30.71	29.12	1,262,100
May 02, 2019	30.82	30.98	30.66	30.75	29.16	2,069,400
May 01, 2019	30.73	31.11	30.54	30.77	29.18	2,148,600
Apr 30, 2019	30.48	30.77	30.45	30.73	29.14	2,121,600
Apr 29, 2019	30.00	30.53	29.95	30.48	28.91	1,884,600
Apr 26, 2019	29.88	30.03	29.59	29.95	28.40	2,374,500
Apr 25, 2019	29.62	29.86	29.41	29.81	28.27	2,203,200
Apr 24, 2019	29.96	30.43	29.32	29.73	28.19	2,822,700
Apr 23, 2019	29.92	30.06	29.78	29.88	28.34	3,754,800
Apr 22, 2019	29.97	30.04	29.77	29.91	28.36	1,426,500
Apr 18, 2019	30.09	30.19	29.93	30.00	28.45	1,669,200
Apr 17, 2019	29.94	30.12	29.84	30.07	28.51	1,371,300
Apr 16, 2019	29.61	29.95	29.49	29.92	28.37	1,610,400
Apr 15, 2019	29.27	29.56	29.13	29.49	27.97	1,104,600
Apr 12, 2019	29.25	29.32	28.98	29.27	27.75	1,941,600
Apr 11, 2019	29.22	29.27	28.84	29.01	27.51	2,687,400
Apr 10, 2019	29.29	29.31	29.02	29.17	27.66	1,801,200
Apr 09, 2019	29.45	29.62	29.15	29.23	27.72	1,190,400
Apr 08, 2019	29.54	29.79	29.33	29.59	28.06	1,702,200
Apr 05, 2019	29.81	29.83	29.39	29.53	28.00	2,341,200
Apr 04, 2019	29.77	29.88	29.56	29.73	28.19	1,463,400
Apr 03, 2019	29.87	29.96	29.67	29.77	28.23	2,022,300
Apr 02, 2019	29.43	29.70	29.37	29.67	28.14	2,033,400
Apr 01, 2019	29.41	29.52	29.21	29.47	27.94	1,946,700
Mar 29, 2019	29.09	29.28	28.97	29.16	27.66	3,664,800
Mar 28, 2019	28.74	28.93	28.62	28.91	27.42	1,877,700
Mar 27, 2019	28.60	28.74	28.40	28.70	27.22	3,287,400
Mar 26, 2019	28.45	28.64	28.31	28.61	27.13	1,623,000
Mar 25, 2019	27.98	28.45	27.98	28.30	26.84	2,177,100
Mar 22, 2019	27.94	28.11	27.77	27.96	26.52	2,175,900
Mar 21, 2019	27.69	28.22	27.69	28.12	26.66	1,779,600
Mar 20, 2019	28.05	28.16	27.73	27.79	26.35	1,713,000
Mar 19, 2019	28.19	28.43	27.94	28.05	26.60	1,573,500
Mar 18, 2019	27.93	28.15	27.93	28.08	26.63	2,005,200
Mar 15, 2019	28.00	28.20	27.80	27.85	26.41	3,448,200
Mar 14, 2019	28.24	28.34	27.94	28.00	26.55	2,543,400
Mar 13, 2019	28.06	28.66	27.97	28.35	26.75	3,202,800
Mar 12, 2019	28.12	28.15	27.93	27.94	26.36	2,549,700
Mar 11, 2019	27.92	28.11	27.91	28.01	26.42	2,732,400
Mar 08, 2019	28.41	28.49	27.41	27.81	26.24	4,723,500
Mar 07, 2019	29.22	29.22	28.57	28.66	27.03	7,260,000
Mar 06, 2019	29.65	29.67	29.10	29.22	27.57	2,943,300
Mar 05, 2019	30.05	30.10	29.47	29.58	27.91	2,524,200
Mar 04, 2019	30.72	30.83	29.86	30.05	28.35	2,375,100
Mar 01, 2019	30.74	30.84	30.55	30.66	28.93	1,991,400
Feb 28, 2019	30.29	30.53	30.29	30.52	28.80	1,962,900
Feb 27, 2019	30.29	30.47	30.24	30.27	28.55	3,139,800
Feb 26, 2019	30.05	30.41	30.00	30.37	28.65	3,735,000
Feb 25, 2019	29.81	30.19	29.80	30.05	28.35	3,715,500
Feb 22, 2019	29.37	29.70	29.37	29.68	28.00	2,058,000
Feb 21, 2019	29.39	29.42	29.22	29.36	27.70	2,881,500
Feb 20, 2019	29.25	29.36	29.07	29.36	27.70	2,265,000
Feb 19, 2019	29.16	29.40	29.14	29.27	27.62	2,107,200
Feb 15, 2019	29.19	29.26	28.98	29.25	27.60	2,635,800
Feb 14, 2019	29.08	29.65	28.84	29.05	27.41	3,878,400
Feb 13, 2019	29.28	29.44	29.23	29.33	27.67	1,692,300
Feb 12, 2019	29.00	29.27	28.97	29.19	27.54	1,496,700
Feb 11, 2019	29.09	29.13	28.80	28.90	27.26	1,670,700
Feb 08, 2019	28.85	29.03	28.61	29.02	27.38	1,570,800
Feb 07, 2019	28.84	28.97	28.59	28.94	27.30	1,830,900
Feb 06, 2019	28.96	29.04	28.82	28.98	27.34	1,436,700
Feb 05, 2019	29.02	29.02	28.70	28.94	27.30	2,054,100
Feb 04, 2019	29.14	29.15	28.63	28.99	27.35	2,462,400
Feb 01, 2019	29.35	29.56	28.95	29.13	27.48	2,146,200
Jan 31, 2019	28.79	29.39	28.70	29.35	27.69	2,372,400
Jan 30, 2019	28.34	29.33	27.97	28.90	27.26	4,095,300
Jan 29, 2019	28.72	28.79	28.47	28.60	26.98	3,884,400
Jan 28, 2019	28.37	28.69	28.24	28.69	27.07	1,783,500
Jan 25, 2019	28.57	28.70	28.40	28.56	26.95	2,281,200
Jan 24, 2019	28.16	28.36	28.08	28.33	26.73	3,012,300
Jan 23, 2019	27.85	28.28	27.80	28.24	26.64	2,195,100
Jan 22, 2019	27.67	27.95	27.46	27.80	26.23	2,962,200
Jan 18, 2019	27.63	27.94	27.48	27.71	26.14	2,054,400
Jan 17, 2019	27.65	27.77	27.38	27.48	25.92	1,886,400
Jan 16, 2019	27.13	27.72	27.00	27.65	26.09	2,822,700
Jan 15, 2019	26.79	27.09	26.79	27.01	25.48	1,432,800
Jan 14, 2019	26.68	26.96	26.68	26.84	25.32	2,151,600
Jan 11, 2019	26.67	26.93	26.53	26.90	25.38	2,193,000
Jan 10, 2019	26.61	26.89	26.39	26.85	25.33	2,172,900
Jan 09, 2019	26.67	26.85	26.49	26.66	25.15	2,689,800
Jan 08, 2019	26.79	26.99	26.30	26.53	25.03	3,316,200
Jan 07, 2019	26.66	26.99	26.35	26.60	25.10	4,256,400
Jan 04, 2019	26.68	27.45	26.45	27.32	25.77	4,146,000
Jan 03, 2019	27.31	27.31	26.22	26.27	24.79	3,174,300
Jan 02, 2019	26.87	27.34	26.86	27.00	25.47	2,467,800
Dec 31, 2018	26.97	27.35	26.85	27.19	25.65	1,374,300
Dec 28, 2018	27.04	27.28	26.53	26.84	25.32	2,903,400
Dec 27, 2018	26.16	26.90	25.94	26.90	25.37	2,532,900
Dec 26, 2018	25.77	26.43	25.16	26.42	24.93	2,400,000
Dec 24, 2018	26.14	26.30	25.56	25.58	24.14	1,707,000
Dec 21, 2018	26.89	27.50	26.49	26.50	25.00	4,994,700
Dec 20, 2018	27.62	27.73	26.84	27.00	25.47	2,896,200
Dec 19, 2018	28.00	28.32	27.47	27.67	26.10	3,052,200
Dec 18, 2018	28.58	28.81	27.81	27.91	26.33	3,018,000
Dec 17, 2018	28.77	28.84	28.34	28.42	26.81	2,630,400
Dec 14, 2018	28.91	29.11	28.67	28.85	27.21	1,607,700
Dec 13, 2018	29.14	29.23	28.80	29.01	27.36	1,754,700
Dec 12, 2018	29.39	29.57	29.14	29.16	27.37	1,680,900
Dec 11, 2018	29.42	29.87	29.08	29.10	27.32	2,574,600
Dec 10, 2018	29.12	29.12	28.37	29.03	27.25	3,100,500
Dec 07, 2018	29.98	30.04	29.06	29.12	27.33	3,502,200
Dec 06, 2018	29.87	30.06	29.58	29.96	28.13	5,161,200
Dec 04, 2018	30.86	30.99	30.03	30.13	28.28	2,999,400
Dec 03, 2018	30.79	31.05	30.65	30.88	28.99	2,707,800
Nov 30, 2018	30.11	30.54	30.01	30.44	28.57	2,791,200
Nov 29, 2018	29.93	30.46	29.70	30.13	28.28	2,222,100
Nov 28, 2018	29.96	30.07	29.55	29.98	28.14	3,594,600
Nov 27, 2018	29.72	29.96	29.62	29.82	27.99	3,122,700
Nov 26, 2018	29.53	29.88	29.51	29.81	27.98	3,643,800
Nov 23, 2018	29.00	29.38	28.77	29.29	27.49	1,958,100
Nov 21, 2018	29.36	29.36	29.00	29.09	27.30	3,668,100
Nov 20, 2018	29.42	29.42	28.78	29.14	27.36	3,560,400
Nov 19, 2018	29.56	29.77	29.48	29.66	27.84	3,043,800
Nov 16, 2018	29.24	29.67	29.07	29.58	27.77	3,003,300
Nov 15, 2018	28.64	29.40	28.41	29.36	27.56	2,874,000
Nov 14, 2018	29.71	29.91	28.55	28.63	26.87	4,437,300
Nov 13, 2018	29.57	29.78	29.38	29.55	27.74	3,167,400
Nov 12, 2018	30.13	30.18	29.44	29.53	27.72	2,303,400
Nov 09, 2018	30.31	30.44	29.87	30.13	28.28	2,097,300
Nov 08, 2018	30.00	30.48	30.00	30.45	28.58	2,011,800
Nov 07, 2018	30.05	30.32	29.90	30.25	28.40	3,113,700
Nov 06, 2018	29.49	29.91	29.49	29.87	28.04	2,528,400
Nov 05, 2018	29.05	29.61	29.03	29.59	27.77	2,452,800
Nov 02, 2018	29.13	29.29	28.71	29.00	27.22	2,216,400
Nov 01, 2018	28.86	29.16	28.65	29.00	27.22	3,263,400
Oct 31, 2018	28.81	29.04	28.71	28.90	27.13	3,480,000
Oct 30, 2018	28.16	28.65	27.89	28.61	26.85	3,541,500
Oct 29, 2018	28.12	28.36	27.70	28.03	26.31	4,179,600
Oct 26, 2018	27.67	28.05	27.38	27.84	26.13	4,288,500
Oct 25, 2018	27.25	28.01	27.03	27.86	26.15	5,364,000
Oct 24, 2018	27.07	27.62	26.66	27.16	25.50	7,024,500
Oct 23, 2018	26.49	27.28	26.49	27.22	25.55	5,553,900
Oct 22, 2018	27.02	27.24	26.95	27.00	25.35	2,857,200
Oct 19, 2018	26.72	27.07	26.60	26.91	25.26	1,998,300
Oct 18, 2018	26.88	27.17	26.60	26.65	25.02	2,487,000
Oct 17, 2018	27.05	27.12	26.44	26.88	25.23	6,768,600
Oct 16, 2018	26.90	27.42	26.80	27.31	25.63	2,424,900
Oct 15, 2018	26.64	26.89	26.60	26.67	25.03	3,145,200
Oct 12, 2018	27.63	27.63	26.36	26.67	25.04	3,727,200
Oct 11, 2018	27.20	27.43	26.32	26.55	24.92	6,147,300
Oct 10, 2018	28.08	28.22	27.29	27.32	25.65	2,840,400
Oct 09, 2018	28.23	28.33	27.80	28.15	26.42	1,975,200
Oct 08, 2018	28.48	28.52	28.04	28.31	26.58	1,820,700
Oct 05, 2018	28.68	28.82	28.39	28.51	26.76	1,806,000
Oct 04, 2018	28.56	28.97	28.47	28.61	26.85	2,798,700
Oct 03, 2018	28.81	28.83	28.44	28.59	26.83	2,711,700
Oct 02, 2018	29.02	29.04	28.48	28.64	26.88	3,629,700
Oct 01, 2018	28.80	29.12	28.63	29.04	27.26	3,026,700
Sep 28, 2018	28.74	28.86	28.58	28.60	26.85	2,996,400
Sep 27, 2018	28.74	28.93	28.69	28.82	27.05	3,342,300
Sep 26, 2018	29.18	29.36	28.61	28.64	26.88	4,144,200
Sep 25, 2018	30.00	30.03	29.21	29.23	27.43	3,854,700
Sep 24, 2018	30.10	30.11	29.91	29.96	28.13	2,146,200
Sep 21, 2018	30.04	30.25	29.89	30.18	28.33	3,966,600
Sep 20, 2018	30.11	30.27	29.78	29.95	28.11	2,621,100
Sep 19, 2018	29.89	30.10	29.64	29.99	28.15	2,578,500
Sep 18, 2018	29.71	30.04	29.71	30.03	28.19	2,504,700
Sep 17, 2018	30.25	30.25	29.66	29.71	27.88	3,087,300
Sep 14, 2018	30.51	30.64	30.22	30.24	28.39	1,522,200
Sep 13, 2018	30.59	30.65	30.30	30.62	28.74	1,967,100
Sep 12, 2018	31.27	31.38	30.45	30.51	28.50	2,474,400
Sep 11, 2018	31.05	31.39	30.93	31.25	29.20	1,442,400
Sep 10, 2018	31.12	31.37	31.06	31.13	29.08	1,409,100
Sep 07, 2018	31.02	31.23	30.93	31.05	29.01	1,677,900
Sep 06, 2018	31.47	31.66	30.99	31.03	28.98	2,255,100
Sep 05, 2018	32.19	32.28	31.42	31.50	29.43	2,825,400
Sep 04, 2018	31.84	32.25	31.82	32.25	30.12	3,188,400
Aug 31, 2018	31.47	31.85	31.33	31.81	29.72	2,420,700
Aug 30, 2018	31.57	31.60	31.43	31.50	29.43	1,381,500
Aug 29, 2018	31.69	31.80	31.51	31.62	29.53	1,515,000
Aug 28, 2018	31.72	31.98	31.66	31.70	29.61	1,524,000
Aug 27, 2018	31.61	31.92	31.61	31.67	29.59	2,049,900
Aug 24, 2018	31.12	31.65	31.08	31.58	29.50	2,094,600
Aug 23, 2018	30.95	31.19	30.95	31.10	29.05	1,618,200
Aug 22, 2018	30.74	31.00	30.64	30.95	28.91	1,396,800
Aug 21, 2018	31.06	31.12	30.81	30.84	28.81	1,894,200
Aug 20, 2018	30.97	31.12	30.93	31.05	29.01	1,238,400
Aug 17, 2018	30.90	31.04	30.74	31.01	28.97	1,711,500
Aug 16, 2018	31.00	31.07	30.73	30.90	28.86	1,312,500
Aug 15, 2018	30.69	31.02	30.61	30.70	28.68	1,810,800
Aug 14, 2018	30.74	30.91	30.73	30.85	28.82	2,646,000
Aug 13, 2018	30.75	31.12	30.50	30.67	28.65	1,737,600
Aug 10, 2018	30.74	31.20	30.55	30.71	28.68	2,693,400
Aug 09, 2018	31.00	31.21	30.88	30.94	28.90	1,316,700
Aug 08, 2018	31.16	31.21	30.94	30.99	28.95	1,497,300
Aug 07, 2018	30.78	31.19	30.73	31.12	29.07	2,244,900
Aug 06, 2018	30.47	30.67	30.44	30.65	28.63	1,435,200
Aug 03, 2018	30.58	30.66	30.31	30.50	28.49	1,817,400
Aug 02, 2018	30.30	30.73	30.19	30.58	28.57	2,210,400
Aug 01, 2018	30.54	30.98	30.45	30.46	28.46	2,547,000
Jul 31, 2018	31.02	31.18	30.19	30.47	28.46	3,950,700
Jul 30, 2018	31.92	31.94	30.78	30.84	28.81	3,822,600
Jul 27, 2018	31.45	31.96	31.45	31.89	29.79	3,740,400
Jul 26, 2018	31.36	31.54	31.29	31.35	29.29	2,733,300
Jul 25, 2018	31.33	31.43	30.77	31.37	29.30	3,614,100
Jul 24, 2018	31.89	31.89	31.68	31.74	29.65	3,657,000
Jul 23, 2018	31.60	31.85	31.58	31.84	29.74	2,291,400
Jul 20, 2018	31.58	31.69	31.43	31.67	29.58	1,454,700
Jul 19, 2018	31.71	31.96	31.63	31.67	29.58	1,724,700
Jul 18, 2018	31.51	31.88	31.47	31.86	29.76	1,585,500
Jul 17, 2018	31.18	31.50	31.11	31.48	29.41	2,367,600
Jul 16, 2018	31.05	31.47	31.05	31.30	29.24	1,479,300
Jul 13, 2018	31.08	31.17	30.89	31.04	28.99	1,826,100
Jul 12, 2018	30.65	31.19	30.61	31.12	29.07	3,553,200
Jul 11, 2018	30.10	30.52	30.10	30.46	28.45	2,193,600
Jul 10, 2018	30.26	30.48	30.21	30.25	28.26	2,462,400
Jul 09, 2018	30.13	30.51	30.13	30.39	28.39	2,201,100
Jul 06, 2018	30.12	30.24	29.90	30.04	28.06	2,375,100
Jul 05, 2018	30.11	30.29	29.92	30.11	28.13	1,850,100
Jul 03, 2018	30.97	30.97	30.00	30.05	28.07	1,515,900
Jul 02, 2018	30.43	30.82	30.27	30.56	28.54	1,720,500
Jun 29, 2018	30.61	30.86	30.41	30.42	28.42	2,606,100
Jun 28, 2018	30.36	30.62	30.22	30.52	28.51	2,493,900
Jun 27, 2018	30.63	30.90	30.35	30.37	28.37	2,780,700
Jun 26, 2018	30.57	30.76	30.41	30.55	28.54	2,521,500
Jun 25, 2018	31.05	31.21	30.37	30.62	28.61	3,667,200
Jun 22, 2018	31.46	31.50	31.06	31.20	29.15	4,273,500
Jun 21, 2018	31.37	31.56	31.06	31.38	29.31	3,167,100
Jun 20, 2018	31.44	31.56	31.27	31.30	29.24	3,179,100
Jun 19, 2018	31.22	31.36	31.07	31.33	29.27	2,629,200
Jun 18, 2018	31.47	31.62	31.37	31.40	29.34	2,247,600
Jun 15, 2018	31.52	31.70	31.34	31.64	29.56	2,561,700
Jun 14, 2018	31.80	31.93	31.55	31.59	29.51	1,481,400
Jun 13, 2018	31.80	32.06	31.73	31.77	29.54	2,064,600
Jun 12, 2018	31.79	31.87	31.58	31.77	29.54	1,939,500
Jun 11, 2018	31.76	31.86	31.68	31.70	29.48	1,550,400
Jun 08, 2018	31.75	31.80	30.92	31.71	29.48	2,714,400
Jun 07, 2018	31.58	31.90	31.57	31.74	29.52	3,816,600
Jun 06, 2018	31.16	31.64	31.11	31.62	29.40	3,498,000
Jun 05, 2018	31.07	31.23	30.94	31.10	28.92	2,890,500
Jun 04, 2018	30.83	31.14	30.78	31.04	28.86	4,731,600
Jun 01, 2018	30.88	31.01	30.62	30.70	28.54	4,795,800
May 31, 2018	31.10	31.33	30.55	30.62	28.47	3,824,400
May 30, 2018	30.96	31.44	30.92	31.15	28.96	4,222,500
May 29, 2018	30.74	30.96	30.54	30.73	28.58	2,707,500
May 25, 2018	30.81	30.97	30.69	30.93	28.76	3,247,500
May 24, 2018	30.59	30.91	30.36	30.87	28.70	4,180,200
May 23, 2018	30.35	30.64	30.25	30.63	28.48	1,984,800
May 22, 2018	30.41	30.65	30.17	30.50	28.36	2,937,000
May 21, 2018	30.11	30.45	30.11	30.40	28.27	1,426,800
May 18, 2018	30.13	30.20	30.01	30.02	27.92	2,982,900
May 17, 2018	29.99	30.24	29.90	30.19	28.07	1,530,000
May 16, 2018	29.98	30.24	29.79	30.08	27.97	2,289,300
May 15, 2018	30.02	30.32	29.92	29.98	27.88	2,417,100
May 14, 2018	30.27	30.40	30.01	30.13	28.02	2,403,000
May 11, 2018	30.12	30.30	30.05	30.18	28.06	1,797,300
May 10, 2018	30.04	30.32	29.93	30.12	28.01	2,167,200
May 09, 2018	29.50	30.11	29.35	30.03	27.92	1,920,300
May 08, 2018	29.57	29.70	29.41	29.45	27.39	2,749,800
May 07, 2018	29.24	29.66	29.20	29.55	27.48	3,077,400
May 04, 2018	28.59	29.38	28.53	29.23	27.18	3,045,900
May 03, 2018	29.22	29.39	28.32	28.67	26.66	5,250,000
May 02, 2018	29.50	29.77	29.17	29.30	27.25	4,036,800
May 01, 2018	29.34	29.69	29.32	29.67	27.59	2,063,100
Apr 30, 2018	29.63	29.92	29.44	29.44	27.37	2,580,900
Apr 27, 2018	29.44	29.65	29.25	29.60	27.52	3,052,800
Apr 26, 2018	29.45	29.56	29.14	29.39	27.32	4,105,800
Apr 25, 2018	28.77	29.32	28.62	29.26	27.21	3,292,200
Apr 24, 2018	29.11	29.22	28.62	28.75	26.73	5,276,400
Apr 23, 2018	29.14	29.20	28.80	28.98	26.95	2,302,800
Apr 20, 2018	29.00	29.22	28.92	29.14	27.10	3,098,400
Apr 19, 2018	28.65	29.08	28.58	28.98	26.95	2,010,300
Apr 18, 2018	28.78	28.78	28.53	28.55	26.55	2,559,900
Apr 17, 2018	28.83	28.95	28.59	28.63	26.62	3,979,500
Apr 16, 2018	28.83	28.99	28.60	28.66	26.65	2,321,400
Apr 13, 2018	28.94	28.98	28.56	28.64	26.63	1,699,200
Apr 12, 2018	28.52	29.01	28.52	28.87	26.85	2,485,800
Apr 11, 2018	28.44	28.74	28.39	28.58	26.58	2,288,100
Apr 10, 2018	28.71	28.80	28.34	28.65	26.64	2,385,000
Apr 09, 2018	28.49	28.89	28.32	28.43	26.44	1,798,200
Apr 06, 2018	28.63	28.73	28.16	28.40	26.41	2,808,000
Apr 05, 2018	28.83	28.98	28.67	28.77	26.75	3,174,300
Apr 04, 2018	28.47	28.80	28.38	28.74	26.72	3,822,600
Apr 03, 2018	28.53	28.90	28.37	28.88	26.86	4,917,300
Apr 02, 2018	28.74	28.80	28.15	28.51	26.51	4,882,800
Mar 29, 2018	28.12	28.87	28.01	28.74	26.72	4,308,000
Mar 28, 2018	27.31	28.24	27.31	27.83	25.88	4,467,900
Mar 27, 2018	27.90	28.15	27.13	27.31	25.39	4,139,400
Mar 26, 2018	27.31	27.90	27.26	27.83	25.88	2,550,300
Mar 23, 2018	27.40	27.55	26.87	26.91	25.02	2,160,900
Mar 22, 2018	27.87	28.04	27.31	27.34	25.42	2,054,100
Mar 21, 2018	28.04	28.30	28.00	28.07	26.10	1,633,500
Mar 20, 2018	28.00	28.25	27.91	28.05	26.08	2,726,400
Mar 19, 2018	27.97	28.07	27.62	27.87	25.92	1,472,700
Mar 16, 2018	28.06	28.16	27.85	27.99	26.03	3,631,200
Mar 15, 2018	28.12	28.12	27.85	28.03	26.06	1,974,300
Mar 14, 2018	28.53	28.55	28.03	28.12	26.03	1,645,800
Mar 13, 2018	28.82	28.82	28.34	28.42	26.30	1,436,400
Mar 12, 2018	28.91	29.00	28.39	28.63	26.50	2,487,600
Mar 09, 2018	28.47	28.89	28.36	28.84	26.70	2,041,500
Mar 08, 2018	28.07	28.34	27.88	28.29	26.18	1,887,000
Mar 07, 2018	27.68	28.04	27.68	27.98	25.90	1,665,000
Mar 06, 2018	27.52	28.16	27.35	27.97	25.89	3,698,100
Mar 05, 2018	26.73	27.31	26.66	27.26	25.23	1,623,900
Mar 02, 2018	26.43	26.93	26.35	26.86	24.87	1,383,600
Mar 01, 2018	27.00	27.00	26.41	26.53	24.56	1,980,600
Feb 28, 2018	27.38	27.57	26.91	26.92	24.92	2,119,200
Feb 27, 2018	27.25	27.51	27.08	27.23	25.21	3,141,900
Feb 26, 2018	27.03	27.24	26.89	27.22	25.20	3,390,000
Feb 23, 2018	26.22	26.83	26.17	26.83	24.83	4,316,400
Feb 22, 2018	26.44	26.55	25.99	26.07	24.13	1,471,800
Feb 21, 2018	26.35	26.89	26.28	26.37	24.41	2,686,500
Feb 20, 2018	26.28	26.81	26.18	26.27	24.31	3,476,400
Feb 16, 2018	26.64	26.77	26.29	26.34	24.38	3,219,900
Feb 15, 2018	26.81	26.89	26.20	26.79	24.80	2,630,400
Feb 14, 2018	26.07	26.62	25.97	26.59	24.61	3,737,700
Feb 13, 2018	25.79	26.22	25.69	26.17	24.22	2,565,600
Feb 12, 2018	25.68	26.05	25.68	25.85	23.93	3,418,200
Feb 09, 2018	25.07	25.55	24.61	25.37	23.48	5,033,100
Feb 08, 2018	25.72	25.98	24.93	25.07	23.21	4,960,500
Feb 07, 2018	25.84	26.22	25.75	25.76	23.84	4,362,300
Feb 06, 2018	24.97	26.00	24.33	25.91	23.98	8,921,400
Feb 05, 2018	26.53	26.99	25.73	25.82	23.90	6,287,100
Feb 02, 2018	27.01	27.27	26.76	26.78	24.79	4,488,000
Feb 01, 2018	26.77	27.39	26.72	27.12	25.11	3,833,700
Jan 31, 2018	27.35	27.76	26.84	26.97	24.96	5,402,100
Jan 30, 2018	27.16	27.41	27.12	27.28	25.25	4,458,000
Jan 29, 2018	27.12	27.45	27.09	27.22	25.19	4,704,300
Jan 26, 2018	27.13	27.13	26.92	27.12	25.10	1,508,700
Jan 25, 2018	27.09	27.28	26.95	27.06	25.05	2,192,400
Jan 24, 2018	26.84	27.11	26.64	27.06	25.04	2,397,900
Jan 23, 2018	26.90	26.95	26.60	26.74	24.75	1,431,300
Jan 22, 2018	26.80	26.89	26.70	26.88	24.88	2,438,400
Jan 19, 2018	26.65	26.78	26.61	26.69	24.71	2,026,800
Jan 18, 2018	26.73	26.75	26.30	26.61	24.63	5,168,400
Jan 17, 2018	26.94	26.94	26.77	26.82	24.83	2,043,300
Jan 16, 2018	27.29	27.38	26.74	26.81	24.81	2,156,400
Jan 12, 2018	26.90	27.18	26.75	27.14	25.13	2,770,200
Jan 11, 2018	27.10	27.10	26.65	26.82	24.83	2,179,800
Jan 10, 2018	26.80	27.13	26.71	27.08	25.06	2,788,500
Jan 09, 2018	26.72	26.92	26.70	26.72	24.74	1,811,700
Jan 08, 2018	26.42	26.84	26.40	26.65	24.67	2,544,600
Jan 05, 2018	26.34	26.52	26.23	26.40	24.44	2,800,500
Jan 04, 2018	25.88	26.32	25.85	26.23	24.28	2,942,700
Jan 03, 2018	25.55	25.96	25.53	25.89	23.96	3,041,100
Jan 02, 2018	25.72	25.77	25.49	25.58	23.68	3,387,000
Dec 29, 2017	25.60	25.72	25.53	25.61	23.71	2,769,900
Dec 28, 2017	25.45	25.58	25.43	25.56	23.66	1,409,400
Dec 27, 2017	25.39	25.61	25.34	25.45	23.55	1,988,400
Dec 26, 2017	25.42	25.42	25.28	25.38	23.49	1,562,100
Dec 22, 2017	25.20	25.38	25.12	25.36	23.48	2,389,500
Dec 21, 2017	25.10	25.24	25.04	25.13	23.26	2,398,500
Dec 20, 2017	25.46	25.57	24.98	25.02	23.16	2,585,700
Dec 19, 2017	25.69	25.77	25.34	25.37	23.48	3,143,100
Dec 18, 2017	25.95	25.97	25.62	25.66	23.75	2,316,300
Dec 15, 2017	25.98	26.04	25.77	25.84	23.92	4,012,500
Dec 14, 2017	26.03	26.16	25.79	25.82	23.90	1,701,600
Dec 13, 2017	26.42	26.50	26.04	26.07	24.01	2,086,200
Dec 12, 2017	26.40	26.54	26.28	26.42	24.34	2,110,200
Dec 11, 2017	26.40	26.71	26.33	26.41	24.32	2,723,100
Dec 08, 2017	25.98	26.27	25.83	26.26	24.19	2,002,500
Dec 07, 2017	26.13	26.18	25.59	25.93	23.89	3,311,700
Dec 06, 2017	26.25	26.39	26.04	26.11	24.05	2,058,000
Dec 05, 2017	26.30	26.38	26.07	26.17	24.11	2,526,000
Dec 04, 2017	26.67	26.67	26.23	26.31	24.24	3,439,800
Dec 01, 2017	26.49	26.57	26.25	26.42	24.34	2,256,600
Nov 30, 2017	26.33	26.62	26.23	26.39	24.31	3,284,400
Nov 29, 2017	26.18	26.56	26.10	26.19	24.12	4,042,500
Nov 28, 2017	25.82	26.14	25.69	26.11	24.05	2,940,900
Nov 27, 2017	25.83	25.91	25.69	25.74	23.71	1,216,800
Nov 24, 2017	25.77	25.81	25.69	25.75	23.72	709,800
Nov 22, 2017	25.79	25.79	25.66	25.72	23.69	2,239,800
Nov 21, 2017	25.71	25.79	25.64	25.75	23.72	2,307,000
Nov 20, 2017	25.32	25.72	25.32	25.63	23.61	3,144,000
Nov 17, 2017	25.33	25.39	25.25	25.32	23.32	3,131,400
Nov 16, 2017	25.33	25.41	25.26	25.32	23.33	2,703,900
Nov 15, 2017	25.31	25.48	25.22	25.31	23.31	3,876,900
Nov 14, 2017	25.10	25.34	25.01	25.32	23.33	3,219,300
Nov 13, 2017	24.55	25.30	24.44	25.14	23.15	4,048,800
Nov 10, 2017	24.48	24.59	24.32	24.52	22.59	3,588,000
Nov 09, 2017	24.19	24.60	24.05	24.58	22.64	3,004,200
Nov 08, 2017	24.04	24.30	23.98	24.25	22.33	1,900,800
Nov 07, 2017	23.93	24.26	23.88	24.01	22.11	3,633,600
Nov 06, 2017	24.07	24.15	23.94	23.99	22.10	1,881,900
Nov 03, 2017	24.36	24.38	24.11	24.13	22.23	2,059,500
Nov 02, 2017	24.11	24.48	24.02	24.39	22.47	3,191,700
Nov 01, 2017	24.34	24.34	24.12	24.14	22.23	2,175,300
Oct 31, 2017	24.13	24.28	23.98	24.22	22.31	3,082,800
Oct 30, 2017	24.10	24.38	24.02	24.13	22.23	5,684,700
Oct 27, 2017	24.22	24.22	23.92	24.11	22.21	3,964,500
Oct 26, 2017	24.20	24.29	24.00	24.10	22.20	4,391,400
Oct 25, 2017	24.24	24.54	24.12	24.15	22.24	5,853,300
Oct 24, 2017	24.58	24.65	24.41	24.48	22.55	3,976,500
Oct 23, 2017	24.29	24.53	24.21	24.50	22.57	3,901,500
Oct 20, 2017	24.34	24.49	24.07	24.31	22.39	5,802,300
Oct 19, 2017	24.64	24.68	24.14	24.31	22.40	5,985,600
Oct 18, 2017	24.89	24.97	24.73	24.87	22.91	5,075,700
Oct 17, 2017	24.73	24.97	24.66	24.90	22.94	2,944,800
Oct 16, 2017	24.78	24.83	24.58	24.70	22.76	2,737,200
Oct 13, 2017	24.93	24.98	24.70	24.78	22.83	3,446,100
Oct 12, 2017	25.24	25.25	24.91	24.97	23.00	3,924,900
Oct 11, 2017	24.89	25.23	24.79	25.21	23.22	4,105,500
Oct 10, 2017	24.78	24.93	24.55	24.85	22.89	3,735,900
Oct 09, 2017	24.50	25.10	24.48	24.83	22.88	6,078,600
Oct 06, 2017	25.91	25.95	24.57	24.63	22.69	7,802,400
Oct 05, 2017	25.91	26.02	25.81	25.88	23.84	2,124,600
Oct 04, 2017	25.85	25.88	25.70	25.86	23.82	2,035,800
Oct 03, 2017	25.87	26.00	25.72	25.92	23.87	2,570,700
Oct 02, 2017	25.89	25.94	25.72	25.93	23.89	2,079,300
Sep 29, 2017	25.86	25.94	25.67	25.86	23.82	1,718,100
Sep 28, 2017	25.70	26.10	25.66	25.88	23.84	2,099,700
Sep 27, 2017	25.62	25.82	25.57	25.71	23.68	1,733,400
Sep 26, 2017	25.82	25.83	25.44	25.46	23.45	1,558,800
Sep 25, 2017	25.48	25.72	25.30	25.71	23.68	2,658,900
Sep 22, 2017	25.36	25.56	25.30	25.47	23.46	1,421,400
Sep 21, 2017	25.61	25.61	25.13	25.37	23.37	2,538,900
Sep 20, 2017	25.30	25.63	25.22	25.58	23.56	3,229,800
Sep 19, 2017	25.09	25.48	25.09	25.44	23.43	2,647,200
Sep 18, 2017	24.94	25.09	24.87	25.03	23.06	2,921,100
Sep 15, 2017	24.91	25.07	24.80	24.92	22.95	4,269,900
Sep 14, 2017	24.78	24.91	24.77	24.90	22.94	3,594,900
Sep 13, 2017	24.97	25.03	24.83	24.91	22.83	1,934,700
Sep 12, 2017	24.63	25.01	24.59	25.01	22.92	1,609,200
Sep 11, 2017	24.88	25.05	24.69	24.72	22.66	4,331,100
Sep 08, 2017	24.58	24.92	24.58	24.78	22.71	2,528,400
Sep 07, 2017	24.74	24.78	24.45	24.57	22.52	3,294,300
Sep 06, 2017	24.88	25.03	24.72	24.73	22.66	2,398,500
Sep 05, 2017	25.12	25.12	24.57	24.79	22.72	3,149,700
Sep 01, 2017	25.16	25.23	25.06	25.12	23.02	1,651,200
Aug 31, 2017	25.06	25.25	25.06	25.13	23.03	1,760,100
Aug 30, 2017	25.05	25.18	25.02	25.03	22.94	1,757,400
Aug 29, 2017	25.04	25.13	24.96	25.07	22.98	2,298,900
Aug 28, 2017	25.33	25.38	25.13	25.21	23.10	1,638,600
Aug 25, 2017	25.08	25.38	25.08	25.25	23.14	1,681,200
Aug 24, 2017	25.30	25.30	24.97	24.98	22.89	2,563,800
Aug 23, 2017	25.38	25.38	25.20	25.23	23.12	2,070,600
Aug 22, 2017	25.19	25.56	25.14	25.48	23.35	2,081,400
Aug 21, 2017	24.97	25.15	24.89	25.10	23.00	2,827,500
Aug 18, 2017	25.38	25.40	24.87	24.97	22.88	4,626,000
Aug 17, 2017	25.68	25.81	25.40	25.43	23.30	1,680,300
Aug 16, 2017	25.77	25.92	25.68	25.71	23.56	1,805,100
Aug 15, 2017	25.70	25.73	25.61	25.67	23.52	2,347,800
Aug 14, 2017	25.32	25.64	25.31	25.60	23.46	2,119,500
Aug 11, 2017	25.39	25.46	25.14	25.17	23.06	2,020,800
Aug 10, 2017	25.34	25.60	25.20	25.31	23.19	2,252,100
Aug 09, 2017	24.95	25.43	24.89	25.42	23.29	1,733,100
Aug 08, 2017	25.03	25.13	24.99	25.08	22.99	1,261,500
Aug 07, 2017	25.09	25.19	24.99	25.00	22.91	1,451,400
Aug 04, 2017	25.17	25.23	24.98	25.04	22.95	2,314,500
Aug 03, 2017	24.86	25.09	24.84	25.03	22.94	1,674,600
Aug 02, 2017	24.92	24.97	24.79	24.89	22.81	1,164,300
Aug 01, 2017	24.81	24.94	24.70	24.93	22.84	2,125,500
Jul 31, 2017	24.82	24.88	24.76	24.79	22.72	1,940,100
Jul 28, 2017	24.77	24.91	24.70	24.79	22.72	1,554,900
Jul 27, 2017	24.83	25.08	24.57	24.78	22.71	3,807,000
Jul 26, 2017	23.25	24.84	23.17	24.82	22.74	2,962,800
Jul 25, 2017	24.34	24.45	24.19	24.25	22.22	2,342,700
Jul 24, 2017	24.13	24.26	24.13	24.21	22.19	1,456,800
Jul 21, 2017	23.98	24.26	23.98	24.25	22.22	2,538,900
Jul 20, 2017	23.94	24.05	23.90	24.01	22.00	1,771,800
Jul 19, 2017	23.90	23.96	23.80	23.94	21.94	1,579,200
Jul 18, 2017	23.79	23.93	23.69	23.90	21.90	1,686,600
Jul 17, 2017	23.67	23.93	23.58	23.83	21.84	2,706,300
Jul 14, 2017	23.77	23.89	23.55	23.69	21.71	1,525,800
Jul 13, 2017	23.83	23.96	23.76	23.85	21.85	1,922,700
Jul 12, 2017	23.72	23.84	23.64	23.78	21.79	1,669,800
Jul 11, 2017	23.77	23.93	23.67	23.73	21.75	2,940,300
Jul 10, 2017	23.84	23.94	23.77	23.78	21.79	1,386,000
Jul 07, 2017	23.80	23.93	23.65	23.88	21.88	1,837,500
Jul 06, 2017	23.85	23.89	23.72	23.75	21.77	1,887,300
Jul 05, 2017	23.90	24.05	23.85	23.89	21.90	2,781,900
Jul 03, 2017	23.84	24.09	23.83	23.88	21.89	1,419,900
Jun 30, 2017	23.86	23.99	23.83	23.83	21.84	1,980,600
Jun 29, 2017	24.00	24.05	23.75	23.85	21.85	2,292,900
Jun 28, 2017	23.65	23.95	23.60	23.88	21.88	2,075,400
Jun 27, 2017	23.46	23.66	23.43	23.56	21.59	1,747,500
Jun 26, 2017	23.31	23.46	23.27	23.43	21.48	2,456,400
Jun 23, 2017	23.22	23.32	23.19	23.29	21.34	2,694,000
Jun 22, 2017	23.25	23.29	23.15	23.18	21.24	1,256,700
Jun 21, 2017	23.47	23.48	23.19	23.25	21.31	1,884,900
Jun 20, 2017	23.65	23.68	23.39	23.42	21.47	2,626,500
Jun 19, 2017	23.80	23.82	23.66	23.71	21.73	2,583,300
Jun 16, 2017	23.51	23.73	23.51	23.72	21.74	3,927,900
Jun 15, 2017	23.62	23.68	23.52	23.65	21.67	3,888,900
Jun 14, 2017	23.68	23.81	23.62	23.68	21.70	4,316,400
Jun 13, 2017	23.49	23.98	23.49	23.83	21.72	2,797,800
Jun 12, 2017	23.49	23.63	23.44	23.47	21.39	3,060,300
Jun 09, 2017	23.60	23.60	23.43	23.51	21.43	3,362,100
Jun 08, 2017	23.20	23.50	23.20	23.40	21.33	2,931,000
Jun 07, 2017	22.85	23.22	22.78	23.20	21.15	2,572,500
Jun 06, 2017	22.57	22.77	22.50	22.75	20.74	1,890,000
Jun 05, 2017	22.50	22.83	22.50	22.62	20.62	1,815,300
Jun 02, 2017	22.67	22.67	22.46	22.50	20.51	1,565,400
Jun 01, 2017	22.68	22.71	22.46	22.62	20.62	2,098,200
May 31, 2017	22.56	22.69	22.43	22.55	20.56	3,444,900
May 30, 2017	22.49	22.57	22.40	22.47	20.49	1,856,700
May 26, 2017	22.72	22.77	22.51	22.53	20.54	1,684,800
May 25, 2017	22.56	22.78	22.54	22.73	20.72	1,234,200
May 24, 2017	22.72	22.77	22.55	22.56	20.56	1,627,500
May 23, 2017	22.66	22.71	22.56	22.64	20.64	1,282,500
May 22, 2017	22.57	22.66	22.46	22.64	20.64	2,055,900
May 19, 2017	22.26	22.50	22.20	22.48	20.49	2,812,500
May 18, 2017	22.25	22.31	21.99	22.25	20.28	4,235,700
May 17, 2017	22.26	22.41	22.21	22.24	20.28	2,482,200
May 16, 2017	22.58	22.61	22.42	22.46	20.47	2,300,400
May 15, 2017	22.48	22.69	22.48	22.59	20.59	2,518,800
May 12, 2017	22.34	22.58	22.32	22.52	20.53	3,203,100
May 11, 2017	22.25	22.44	22.09	22.40	20.42	4,079,700
May 10, 2017	22.22	22.27	21.99	22.25	20.28	2,952,300
May 09, 2017	22.39	22.47	22.24	22.25	20.28	3,559,200
May 08, 2017	22.63	22.68	22.25	22.34	20.37	2,948,400
May 05, 2017	22.65	22.69	22.51	22.64	20.64	1,737,300
May 04, 2017	22.70	22.70	22.43	22.65	20.65	2,550,000
May 03, 2017	22.78	22.84	22.43	22.60	20.61	3,640,500
May 02, 2017	22.82	22.88	22.67	22.79	20.77	1,711,500
May 01, 2017	23.08	23.08	22.81	22.81	20.80	1,880,100
Apr 28, 2017	22.88	23.01	22.79	22.96	20.93	3,080,400
Apr 27, 2017	23.14	23.17	22.76	22.89	20.87	4,683,600
Apr 26, 2017	23.41	23.51	22.98	23.18	21.13	5,620,500
Apr 25, 2017	23.63	23.66	23.48	23.51	21.43	2,281,500
Apr 24, 2017	23.61	23.66	23.37	23.48	21.41	3,351,600
Apr 21, 2017	23.32	23.43	23.22	23.30	21.24	2,500,800
Apr 20, 2017	23.19	23.40	23.04	23.37	21.31	2,055,000
Apr 19, 2017	23.14	23.21	23.02	23.06	21.02	1,465,800
Apr 18, 2017	22.94	23.08	22.81	23.03	21.00	3,125,100
Apr 17, 2017	22.74	23.03	22.70	23.03	20.99	1,792,200
Apr 13, 2017	22.86	22.90	22.64	22.70	20.70	2,350,200
Apr 12, 2017	22.97	22.97	22.81	22.89	20.87	2,057,400
Apr 11, 2017	23.02	23.11	22.84	23.00	20.97	2,105,100
Apr 10, 2017	23.09	23.24	23.04	23.12	21.08	2,029,800
Apr 07, 2017	22.92	23.19	22.91	23.07	21.03	2,466,900
Apr 06, 2017	23.01	23.21	22.91	23.04	21.01	1,614,600
Apr 05, 2017	23.01	23.30	22.85	23.03	20.99	2,399,100
Apr 04, 2017	22.94	22.98	22.69	22.88	20.85	2,400,000
Apr 03, 2017	23.09	23.20	22.94	22.97	20.94	2,033,400
Mar 31, 2017	23.06	23.21	22.96	23.15	21.10	2,701,500
Mar 30, 2017	22.90	23.17	22.84	23.13	21.09	2,685,000
Mar 29, 2017	22.99	23.00	22.81	22.89	20.87	1,803,300
Mar 28, 2017	22.99	23.13	22.87	23.05	21.01	2,908,200
Mar 27, 2017	23.09	23.13	22.93	23.00	20.97	1,577,700
Mar 24, 2017	23.31	23.51	23.23	23.28	21.22	2,534,100
Mar 23, 2017	23.26	23.41	23.20	23.24	21.19	2,519,700
Mar 22, 2017	23.27	23.32	23.13	23.23	21.18	2,138,100
Mar 21, 2017	23.68	23.74	23.23	23.25	21.19	3,427,800
Mar 20, 2017	23.55	23.68	23.51	23.59	21.50	1,897,800
Mar 17, 2017	23.71	23.82	23.62	23.63	21.54	4,654,800
Mar 16, 2017	23.59	23.75	23.46	23.72	21.62	3,297,600
Mar 15, 2017	23.56	23.64	23.45	23.61	21.52	2,868,000
Mar 14, 2017	23.55	23.65	23.50	23.57	21.39	2,074,500
Mar 13, 2017	23.63	23.67	23.48	23.59	21.41	3,168,600
Mar 10, 2017	23.77	23.86	23.42	23.65	21.46	3,255,600
Mar 09, 2017	23.68	23.76	23.57	23.69	21.50	2,162,400
Mar 08, 2017	23.66	23.78	23.55	23.58	21.40	2,481,600
Mar 07, 2017	23.81	23.81	23.58	23.64	21.46	2,216,100
Mar 06, 2017	23.60	23.85	23.54	23.79	21.59	2,632,200
Mar 03, 2017	23.74	23.86	23.56	23.70	21.50	3,312,300
Mar 02, 2017	24.06	24.11	23.72	23.75	21.55	2,678,700
Mar 01, 2017	24.00	24.17	23.94	24.06	21.83	3,881,100
Feb 28, 2017	23.73	23.78	23.56	23.70	21.51	4,068,000
Feb 27, 2017	23.86	23.86	23.64	23.72	21.52	2,301,600
Feb 24, 2017	23.69	23.93	23.68	23.82	21.61	2,615,400
Feb 23, 2017	23.81	23.91	23.72	23.82	21.61	1,641,900
Feb 22, 2017	23.75	23.92	23.69	23.75	21.55	2,477,400
Feb 21, 2017	23.87	23.95	23.76	23.79	21.59	2,919,900
Feb 17, 2017	23.71	23.88	23.60	23.84	21.63	8,131,200
Feb 16, 2017	23.78	23.86	23.57	23.78	21.58	2,638,200
Feb 15, 2017	23.68	23.88	23.50	23.75	21.55	2,631,000
Feb 14, 2017	23.57	23.68	23.50	23.59	21.41	2,047,800
Feb 13, 2017	23.26	23.62	23.15	23.57	21.39	2,520,900
Feb 10, 2017	23.04	23.33	23.03	23.26	21.10	2,632,800
Feb 09, 2017	23.11	23.16	22.94	23.03	20.90	1,672,800
Feb 08, 2017	23.10	23.13	22.87	22.96	20.84	2,988,000
Feb 07, 2017	23.33	23.38	22.98	23.12	20.98	4,113,600
Feb 06, 2017	23.35	23.44	23.20	23.25	21.10	2,609,400
Feb 03, 2017	23.67	23.67	23.35	23.45	21.28	2,922,600
Feb 02, 2017	23.56	23.74	23.34	23.56	21.38	2,489,100
Feb 01, 2017	23.49	23.96	23.43	23.58	21.40	4,021,800
Jan 31, 2017	22.79	23.54	22.42	23.51	21.34	4,448,100
Jan 30, 2017	22.68	22.75	22.48	22.73	20.62	2,288,400
Jan 27, 2017	22.97	22.98	22.70	22.79	20.68	2,182,800
Jan 26, 2017	22.83	22.97	22.76	22.94	20.82	1,870,800
Jan 25, 2017	22.70	22.82	22.57	22.78	20.67	1,841,400
Jan 24, 2017	22.41	22.76	22.28	22.65	20.55	1,941,000
Jan 23, 2017	22.35	22.56	22.22	22.44	20.36	1,889,100
Jan 20, 2017	22.43	22.53	22.28	22.45	20.38	1,913,400
Jan 19, 2017	22.35	22.45	22.16	22.35	20.28	1,875,000
Jan 18, 2017	22.24	22.43	22.21	22.42	20.34	2,332,800
Jan 17, 2017	22.45	22.56	22.30	22.33	20.26	2,726,400
Jan 13, 2017	22.44	22.64	22.41	22.57	20.48	1,383,000
Jan 12, 2017	22.48	22.52	22.03	22.47	20.39	1,507,800
Jan 11, 2017	22.40	22.60	22.30	22.57	20.48	1,452,300
Jan 10, 2017	22.54	22.62	22.39	22.40	20.33	2,501,700
Jan 09, 2017	22.79	22.82	22.44	22.59	20.50	1,919,700
Jan 06, 2017	22.54	22.94	22.51	22.82	20.71	1,845,600
Jan 05, 2017	22.50	22.72	22.41	22.55	20.46	1,878,900
Jan 04, 2017	22.22	22.60	22.21	22.57	20.48	1,837,500
Jan 03, 2017	22.49	22.53	22.09	22.23	20.17	1,843,800
Dec 30, 2016	22.43	22.48	22.32	22.37	20.30	1,646,100
Dec 29, 2016	22.45	22.49	22.30	22.34	20.27	1,451,100
Dec 28, 2016	22.53	22.54	22.38	22.45	20.37	2,559,600
Dec 27, 2016	22.47	22.52	22.36	22.51	20.43	784,500
Dec 23, 2016	22.38	22.46	22.31	22.39	20.32	1,116,300
Dec 22, 2016	22.49	22.50	22.33	22.40	20.33	1,097,700
Dec 21, 2016	22.75	22.75	22.48	22.50	20.41	1,162,200
Dec 20, 2016	22.54	22.70	22.47	22.67	20.57	1,813,800
Dec 19, 2016	22.64	22.85	22.46	22.57	20.48	1,583,700
Dec 16, 2016	22.86	23.03	22.61	22.69	20.59	3,837,300
Dec 15, 2016	22.80	22.97	22.67	22.87	20.75	2,195,100
Dec 14, 2016	22.98	23.08	22.65	22.75	20.65	3,249,600
Dec 13, 2016	23.00	23.24	22.95	23.09	20.85	3,097,200
Dec 12, 2016	22.74	23.02	22.72	22.93	20.71	2,388,000
Dec 09, 2016	22.67	22.89	22.37	22.87	20.66	2,859,600
Dec 08, 2016	22.62	22.71	22.40	22.59	20.40	2,241,000
Dec 07, 2016	22.27	22.69	22.15	22.54	20.36	4,445,700
Dec 06, 2016	21.71	22.20	21.58	22.17	20.03	4,678,200
Dec 05, 2016	21.56	21.69	21.44	21.62	19.53	3,566,700
Dec 02, 2016	21.23	21.50	21.12	21.29	19.23	2,855,400
Dec 01, 2016	21.32	21.44	21.14	21.18	19.13	3,117,300
Nov 30, 2016	21.65	21.69	21.32	21.36	19.30	4,319,400
Nov 29, 2016	21.63	21.82	21.47	21.66	19.56	3,622,800
Nov 28, 2016	21.85	21.85	21.49	21.53	19.44	2,511,000
Nov 25, 2016	21.70	21.90	21.70	21.90	19.78	653,700
Nov 23, 2016	21.86	21.87	21.60	21.78	19.67	1,497,000
Nov 22, 2016	22.05	22.07	21.77	21.86	19.75	1,860,000
Nov 21, 2016	22.04	22.09	21.88	21.99	19.86	2,415,300
Nov 18, 2016	21.64	21.98	21.57	21.95	19.83	2,873,400
Nov 17, 2016	21.56	21.71	21.52	21.62	19.53	1,663,800
Nov 16, 2016	21.47	21.65	21.38	21.57	19.48	3,777,600
Nov 15, 2016	21.61	21.64	21.20	21.49	19.41	3,494,700
Nov 14, 2016	22.21	22.22	21.52	21.58	19.49	4,239,900
Nov 11, 2016	22.33	22.44	21.96	22.15	20.00	2,668,200
Nov 10, 2016	22.50	22.76	22.30	22.37	20.20	3,633,600
Nov 09, 2016	21.74	22.38	21.56	22.31	20.15	3,102,000
Nov 08, 2016	21.81	21.86	21.40	21.79	19.69	1,999,500
Nov 07, 2016	21.78	21.86	21.68	21.82	19.71	2,053,500
Nov 04, 2016	21.45	21.81	21.34	21.56	19.47	3,805,500
Nov 03, 2016	21.27	21.52	21.27	21.39	19.32	2,585,100
Nov 02, 2016	21.22	21.35	21.18	21.25	19.20	2,097,900
Nov 01, 2016	21.27	21.40	21.10	21.17	19.13	2,914,800
Oct 31, 2016	21.38	21.42	21.28	21.32	19.26	2,031,600
Oct 28, 2016	21.35	21.53	21.24	21.36	19.30	1,481,700
Oct 27, 2016	21.52	21.52	21.11	21.32	19.25	3,459,300
Oct 26, 2016	21.74	22.20	21.43	21.56	19.48	3,825,900
Oct 25, 2016	22.13	22.27	22.02	22.12	19.98	3,026,700
Oct 24, 2016	22.09	22.26	22.07	22.10	19.96	1,497,000
Oct 21, 2016	21.80	22.10	21.74	22.06	19.93	1,860,900
Oct 20, 2016	22.18	22.19	21.88	21.91	19.79	1,671,300
Oct 19, 2016	22.05	22.16	21.95	22.13	19.99	1,708,800
Oct 18, 2016	22.26	22.39	22.04	22.07	19.94	1,191,300
Oct 17, 2016	22.49	22.59	22.08	22.13	19.99	1,643,100
Oct 14, 2016	22.47	22.47	22.32	22.41	20.25	1,811,700
Oct 13, 2016	22.05	22.34	21.99	22.28	20.12	3,807,600
Oct 12, 2016	21.91	22.22	21.90	22.15	20.01	2,486,100
Oct 11, 2016	22.05	22.29	21.85	21.98	19.85	2,848,800
Oct 10, 2016	22.38	22.48	22.11	22.14	20.00	2,797,800
Oct 07, 2016	22.49	22.49	22.16	22.34	20.18	1,465,800
Oct 06, 2016	22.29	22.47	22.17	22.45	20.28	1,817,700
Oct 05, 2016	22.27	22.38	22.20	22.29	20.13	2,466,900
Oct 04, 2016	22.40	22.49	22.20	22.26	20.11	2,045,100
Oct 03, 2016	22.43	22.56	22.26	22.35	20.19	2,985,600
Sep 30, 2016	22.60	22.69	22.45	22.51	20.34	2,715,900
Sep 29, 2016	22.77	22.89	22.33	22.49	20.32	2,668,800
Sep 28, 2016	22.85	22.85	22.68	22.74	20.54	1,866,300
Sep 27, 2016	22.91	23.00	22.84	22.85	20.64	2,420,100
Sep 26, 2016	23.06	23.33	22.93	22.95	20.73	2,063,400
Sep 23, 2016	23.26	23.52	22.98	23.15	20.91	3,090,600
Sep 22, 2016	23.67	23.67	23.46	23.48	21.21	1,503,900
Sep 21, 2016	23.31	23.57	23.18	23.56	21.28	1,419,600
Sep 20, 2016	23.37	23.48	23.12	23.21	20.96	2,119,200
Sep 19, 2016	23.23	23.41	23.20	23.27	21.02	2,424,000
Sep 16, 2016	23.04	23.21	22.88	23.16	20.92	2,877,900
Sep 15, 2016	22.89	23.21	22.89	23.17	20.93	1,811,700
Sep 14, 2016	22.94	23.08	22.87	22.90	20.68	2,304,000
Sep 13, 2016	23.02	23.17	22.86	23.02	20.70	1,950,300
Sep 12, 2016	22.90	23.24	22.74	23.16	20.82	2,868,900
Sep 09, 2016	23.26	23.34	22.99	22.99	20.67	2,654,100
Sep 08, 2016	23.58	23.66	23.40	23.40	21.04	1,702,200
Sep 07, 2016	23.55	23.65	23.35	23.63	21.25	1,583,400
Sep 06, 2016	23.94	23.96	23.70	23.83	21.43	1,291,800
Sep 02, 2016	23.96	23.97	23.76	23.89	21.48	1,382,700
Sep 01, 2016	23.74	23.91	23.69	23.88	21.47	1,725,600
Aug 31, 2016	23.70	23.82	23.68	23.74	21.34	1,734,000
Aug 30, 2016	23.68	23.78	23.46	23.78	21.38	1,524,300
Aug 29, 2016	23.53	23.88	23.50	23.70	21.31	1,560,300
Aug 26, 2016	23.61	23.66	23.35	23.50	21.13	1,078,800
Aug 25, 2016	23.41	23.61	23.33	23.54	21.16	2,242,500
Aug 24, 2016	23.47	23.49	23.35	23.43	21.06	2,028,900
Aug 23, 2016	23.56	23.59	23.42	23.52	21.15	1,442,100
Aug 22, 2016	23.38	23.54	23.37	23.49	21.12	1,605,900
Aug 19, 2016	23.37	23.48	23.29	23.48	21.11	2,092,500
Aug 18, 2016	23.44	23.59	23.41	23.44	21.07	1,650,600
Aug 17, 2016	23.15	23.43	23.08	23.40	21.04	2,529,600
Aug 16, 2016	23.30	23.34	23.09	23.09	20.76	1,189,500
Aug 15, 2016	23.34	23.41	23.28	23.36	21.01	1,910,700
Aug 12, 2016	23.29	23.42	23.21	23.38	21.02	2,841,300
Aug 11, 2016	23.56	23.66	23.21	23.34	20.99	3,456,900
Aug 10, 2016	23.35	23.51	23.32	23.44	21.07	2,967,000
Aug 09, 2016	23.56	23.65	23.37	23.41	21.05	2,812,200
Aug 08, 2016	23.79	23.79	23.48	23.50	21.13	3,368,700
Aug 05, 2016	23.86	23.90	23.71	23.73	21.33	2,448,600
Aug 04, 2016	23.84	23.96	23.72	23.81	21.41	3,083,400
Aug 03, 2016	23.77	23.92	23.61	23.84	21.44	2,986,200
Aug 02, 2016	23.80	23.80	23.58	23.73	21.34	1,711,200
Aug 01, 2016	23.67	23.81	23.55	23.81	21.40	2,553,600
Jul 29, 2016	23.55	23.81	23.52	23.59	21.21	2,425,500
Jul 28, 2016	23.61	23.82	23.47	23.62	21.24	2,636,700
Jul 27, 2016	22.83	23.65	22.82	23.61	21.23	4,262,400
Jul 26, 2016	22.82	22.98	22.70	22.83	20.53	3,743,400
Jul 25, 2016	22.60	22.81	22.48	22.81	20.51	1,922,400
Jul 22, 2016	22.44	22.64	22.41	22.60	20.32	1,603,500
Jul 21, 2016	22.51	22.54	22.34	22.46	20.19	1,189,200
Jul 20, 2016	22.72	22.74	22.55	22.58	20.30	1,207,200
Jul 19, 2016	22.39	22.69	22.39	22.69	20.40	1,553,100
Jul 18, 2016	22.89	22.89	22.48	22.53	20.26	1,882,200
Jul 15, 2016	22.53	22.53	22.37	22.50	20.23	2,730,600
Jul 14, 2016	22.55	22.62	22.31	22.46	20.19	2,510,100
Jul 13, 2016	22.55	22.57	22.26	22.39	20.13	1,703,700
Jul 12, 2016	22.23	22.46	22.20	22.44	20.17	1,967,100
Jul 11, 2016	22.08	22.18	22.00	22.14	19.91	1,433,100
Jul 08, 2016	21.81	22.03	21.74	21.96	19.74	2,490,300
Jul 07, 2016	21.62	21.73	21.51	21.64	19.46	2,136,900
Jul 06, 2016	21.55	21.64	21.45	21.58	19.40	2,200,200
Jul 05, 2016	21.24	21.58	21.06	21.53	19.36	2,415,300
Jul 01, 2016	21.57	21.73	21.50	21.59	19.41	1,970,100
Jun 30, 2016	21.47	21.62	21.34	21.56	19.38	4,196,400
Jun 29, 2016	21.06	21.36	21.03	21.36	19.21	2,485,500
Jun 28, 2016	20.58	20.89	20.48	20.87	18.76	2,968,500
Jun 27, 2016	20.79	20.82	20.40	20.48	18.41	3,069,300
Jun 24, 2016	20.72	21.43	20.59	21.00	18.88	6,055,800
Jun 23, 2016	21.10	21.47	21.09	21.47	19.30	2,132,400
Jun 22, 2016	21.03	21.08	20.96	21.03	18.91	2,277,000
Jun 21, 2016	20.99	21.12	20.97	20.99	18.87	2,958,300
Jun 20, 2016	21.54	21.63	21.02	21.03	18.91	2,747,400
Jun 17, 2016	21.53	21.62	21.27	21.29	19.14	3,900,300
Jun 16, 2016	21.43	21.64	21.41	21.63	19.45	1,980,300
Jun 15, 2016	21.62	21.82	21.55	21.60	19.42	2,139,600
Jun 14, 2016	21.62	21.79	21.56	21.63	19.45	2,786,100
Jun 13, 2016	21.76	21.99	21.70	21.70	19.51	2,129,100
Jun 10, 2016	21.70	21.98	21.67	21.86	19.65	2,244,600
Jun 09, 2016	21.72	21.91	21.63	21.89	19.68	2,351,400
Jun 08, 2016	21.62	21.76	21.52	21.74	19.55	1,558,500
Jun 07, 2016	21.70	21.83	21.62	21.63	19.35	2,759,100
Jun 06, 2016	21.67	21.82	21.60	21.71	19.42	1,527,600
Jun 03, 2016	21.63	21.76	21.40	21.69	19.41	1,782,300
Jun 02, 2016	21.76	21.83	21.62	21.72	19.43	1,272,900
Jun 01, 2016	21.83	21.93	21.79	21.87	19.56	2,152,800
May 31, 2016	21.92	22.01	21.79	22.00	19.69	3,722,700
May 27, 2016	21.78	21.90	21.74	21.89	19.58	1,274,700
May 26, 2016	21.79	21.82	21.55	21.67	19.39	1,818,900
May 25, 2016	21.89	21.97	21.70	21.83	19.53	2,464,500
May 24, 2016	21.33	21.90	21.28	21.87	19.57	2,963,700
May 23, 2016	21.17	21.26	21.02	21.19	18.96	1,872,600
May 20, 2016	21.14	21.33	21.03	21.21	18.97	1,695,900
May 19, 2016	20.95	21.15	20.89	21.01	18.80	1,903,200
May 18, 2016	20.77	21.06	20.53	21.02	18.80	3,840,300
May 17, 2016	21.24	21.30	20.77	20.84	18.65	1,937,100
May 16, 2016	21.17	21.33	21.10	21.24	19.01	1,553,100
May 13, 2016	21.36	21.49	21.15	21.23	18.99	1,670,100
May 12, 2016	21.25	21.45	21.23	21.39	19.14	2,161,200
May 11, 2016	21.48	21.55	21.15	21.21	18.97	2,882,400
May 10, 2016	21.44	21.55	21.35	21.53	19.26	3,422,700
May 09, 2016	21.34	21.52	21.34	21.50	19.24	2,067,900
May 06, 2016	21.06	21.42	20.98	21.34	19.09	3,093,300
May 05, 2016	20.90	21.13	20.90	21.07	18.85	2,540,100
May 04, 2016	20.65	20.99	20.65	20.86	18.66	2,508,300
May 03, 2016	20.70	20.83	20.54	20.76	18.57	1,386,900
May 02, 2016	20.58	21.06	20.52	21.00	18.79	2,244,900
Apr 29, 2016	20.86	20.86	20.42	20.57	18.40	3,357,000
Apr 28, 2016	21.20	21.46	20.89	20.95	18.75	2,597,400
Apr 27, 2016	21.70	21.75	21.20	21.38	19.12	3,490,800
Apr 26, 2016	21.40	21.57	21.30	21.47	19.21	3,749,100
Apr 25, 2016	21.25	21.40	21.18	21.39	19.14	1,949,700
Apr 22, 2016	21.23	21.48	21.18	21.33	19.08	2,026,800
Apr 21, 2016	21.33	21.45	21.18	21.27	19.03	1,875,600
Apr 20, 2016	21.38	21.45	21.25	21.38	19.12	2,206,500
Apr 19, 2016	21.43	21.51	21.20	21.39	19.14	2,569,800
Apr 18, 2016	21.34	21.52	21.30	21.38	19.13	2,170,500
Apr 15, 2016	21.27	21.51	21.17	21.48	19.22	3,817,500
Apr 14, 2016	21.12	21.44	21.12	21.22	18.99	2,032,800
Apr 13, 2016	21.15	21.39	21.07	21.32	19.07	3,796,800
Apr 12, 2016	21.22	21.35	20.59	21.05	18.83	6,008,700
Apr 11, 2016	21.39	21.57	21.24	21.43	19.17	3,112,800
Apr 08, 2016	21.47	21.47	21.16	21.22	18.98	2,166,000
Apr 07, 2016	21.56	21.88	21.26	21.42	19.16	2,814,600
Apr 06, 2016	21.60	21.68	21.31	21.65	19.37	3,744,300
Apr 05, 2016	21.72	21.87	21.63	21.66	19.38	3,275,100
Apr 04, 2016	22.13	22.13	21.62	21.85	19.55	3,954,900
Apr 01, 2016	22.04	22.22	21.87	22.03	19.71	4,342,500
Mar 31, 2016	21.80	22.18	21.72	22.13	19.80	5,400,900
Mar 30, 2016	22.01	22.23	21.61	21.72	19.43	4,051,200
Mar 29, 2016	21.56	21.86	21.56	21.86	19.55	3,493,200
Mar 28, 2016	21.45	21.67	21.36	21.56	19.29	2,376,300
Mar 24, 2016	21.78	21.88	21.27	21.34	19.09	4,681,800
Mar 23, 2016	21.54	22.12	21.51	21.88	19.58	4,752,000
Mar 22, 2016	21.37	21.82	21.25	21.81	19.51	4,512,000
Mar 21, 2016	21.42	21.50	21.23	21.42	19.17	9,303,900
Mar 18, 2016	21.96	22.20	21.30	21.50	19.24	13,191,600
Mar 17, 2016	22.21	22.34	21.92	21.95	19.64	5,675,400
Mar 16, 2016	22.17	22.32	22.06	22.20	19.86	3,621,300
Mar 15, 2016	22.19	22.54	22.17	22.35	19.99	3,713,400
Mar 14, 2016	21.90	22.43	21.86	22.28	19.93	2,550,300
Mar 11, 2016	21.83	22.13	21.51	21.99	19.68	3,328,200
Mar 10, 2016	21.60	21.69	21.04	21.66	19.38	7,060,500
Mar 09, 2016	21.80	21.98	21.62	21.79	19.42	2,247,600
Mar 08, 2016	21.29	21.75	21.27	21.62	19.27	2,861,400
Mar 07, 2016	21.59	21.63	21.32	21.41	19.08	2,282,400
Mar 04, 2016	21.75	21.83	21.36	21.65	19.29	3,530,700
Mar 03, 2016	21.52	21.75	21.29	21.73	19.37	2,642,100
Mar 02, 2016	21.66	21.66	21.19	21.50	19.16	5,336,400
Mar 01, 2016	21.27	21.47	21.06	21.42	19.09	3,471,900
Feb 29, 2016	21.32	21.46	20.93	21.10	18.80	4,121,100
Feb 26, 2016	21.58	21.70	21.27	21.28	18.97	2,372,400
Feb 25, 2016	21.29	21.51	21.12	21.50	19.16	3,582,600
Feb 24, 2016	20.75	21.27	20.75	21.22	18.91	3,033,900
Feb 23, 2016	21.49	21.65	21.03	21.05	18.76	4,031,400
Feb 22, 2016	21.39	21.45	21.08	21.18	18.88	3,437,100
Feb 19, 2016	20.84	21.05	20.74	20.98	18.70	2,698,800
Feb 18, 2016	21.06	21.18	20.90	20.96	18.68	3,005,100
Feb 17, 2016	20.63	21.07	20.61	20.99	18.70	2,958,000
Feb 16, 2016	20.85	20.87	20.31	20.55	18.32	2,650,200
Feb 12, 2016	20.49	20.51	20.03	20.44	18.21	2,349,000
Feb 11, 2016	19.78	20.16	19.64	19.99	17.82	3,134,400
Feb 10, 2016	20.64	20.86	20.19	20.29	18.09	2,980,500
Feb 09, 2016	19.99	20.74	19.98	20.50	18.27	4,277,700
Feb 08, 2016	19.55	20.19	19.28	20.07	17.89	6,123,000
Feb 05, 2016	20.09	20.22	19.51	19.80	17.65	5,911,800
Feb 04, 2016	20.58	20.74	19.56	19.95	17.78	7,526,100
Feb 03, 2016	20.85	20.92	20.13	20.53	18.30	6,292,200
Feb 02, 2016	20.33	20.84	20.25	20.77	18.51	6,528,900
Feb 01, 2016	20.65	20.70	20.13	20.58	18.34	6,341,400
Jan 29, 2016	19.82	20.79	19.57	20.67	18.42	6,875,400
Jan 28, 2016	19.33	19.95	18.75	19.63	17.49	5,711,100
Jan 27, 2016	19.58	19.99	19.32	19.43	17.32	5,144,400
Jan 26, 2016	19.03	19.54	18.92	19.51	17.39	4,146,300
Jan 25, 2016	19.18	19.33	18.85	18.87	16.81	3,226,200
Jan 22, 2016	18.89	19.31	18.49	19.24	17.15	2,998,200
Jan 21, 2016	18.78	19.10	18.58	18.59	16.57	3,450,300
Jan 20, 2016	18.83	18.99	18.42	18.77	16.73	3,737,400
Jan 19, 2016	19.07	19.38	19.03	19.16	17.07	3,862,200
Jan 15, 2016	18.61	19.17	18.61	18.83	16.78	4,316,700
Jan 14, 2016	18.70	19.33	18.60	19.16	17.08	4,638,900
Jan 13, 2016	19.26	19.30	18.49	18.58	16.56	4,346,700
Jan 12, 2016	19.30	19.32	19.09	19.19	17.11	3,835,800
Jan 11, 2016	18.84	19.20	18.71	19.09	17.02	4,527,600
Jan 08, 2016	19.16	19.17	18.57	18.60	16.58	4,118,700
Jan 07, 2016	18.79	19.29	18.77	19.03	16.96	8,526,600
Jan 06, 2016	18.90	19.25	18.81	19.08	17.00	2,243,700
Jan 05, 2016	18.86	19.18	18.84	19.13	17.05	3,772,200
Jan 04, 2016	18.97	19.05	18.67	18.85	16.80	3,898,200